date,cumulative_reviews
2007-03-29,1
2007-03-30,1
2007-03-31,1
2007-04-01,1
2007-04-02,1
2007-04-03,1
2007-04-04,1
2007-04-05,1
2007-04-06,1
2007-04-07,1
2007-04-08,1
2007-04-09,1
2007-04-10,1
2007-04-11,1
2007-04-12,1
2007-04-13,1
2007-04-14,1
2007-04-15,1
2007-04-16,1
2007-04-17,1
2007-04-18,1
2007-04-19,1
2007-04-20,1
2007-04-21,1
2007-04-22,1
2007-04-23,1
2007-04-24,1
2007-04-25,1
2007-04-26,1
2007-04-27,1
2007-04-28,1
2007-04-29,1
2007-04-30,1
2007-05-01,1
2007-05-02,1
2007-05-03,1
2007-05-04,1
2007-05-05,1
2007-05-06,1
2007-05-07,1
2007-05-08,1
2007-05-09,1
2007-05-10,1
2007-05-11,1
2007-05-12,1
2007-05-13,1
2007-05-14,1
2007-05-15,1
2007-05-16,1
2007-05-17,1
2007-05-18,1
2007-05-19,1
2007-05-20,1
2007-05-21,1
2007-05-22,1
2007-05-23,1
2007-05-24,1
2007-05-25,1
2007-05-26,1
2007-05-27,1
2007-05-28,1
2007-05-29,1
2007-05-30,1
2007-05-31,1
2007-06-01,1
2007-06-02,1
2007-06-03,1
2007-06-04,1
2007-06-05,1
2007-06-06,1
2007-06-07,1
2007-06-08,1
2007-06-09,1
2007-06-10,1
2007-06-11,1
2007-06-12,1
2007-06-13,1
2007-06-14,1
2007-06-15,1
2007-06-16,1
2007-06-17,1
2007-06-18,1
2007-06-19,1
2007-06-20,1
2007-06-21,1
2007-06-22,1
2007-06-23,1
2007-06-24,1
2007-06-25,1
2007-06-26,1
2007-06-27,1
2007-06-28,1
2007-06-29,1
2007-06-30,1
2007-07-01,1
2007-07-02,1
2007-07-03,1
2007-07-04,1
2007-07-05,1
2007-07-06,1
2007-07-07,1
2007-07-08,1
2007-07-09,1
2007-07-10,1
2007-07-11,1
2007-07-12,1
2007-07-13,1
2007-07-14,1
2007-07-15,1
2007-07-16,1
2007-07-17,1
2007-07-18,1
2007-07-19,1
2007-07-20,1
2007-07-21,1
2007-07-22,1
2007-07-23,1
2007-07-24,1
2007-07-25,1
2007-07-26,1
2007-07-27,1
2007-07-28,1
2007-07-29,1
2007-07-30,1
2007-07-31,1
2007-08-01,1
2007-08-02,1
2007-08-03,1
2007-08-04,1
2007-08-05,1
2007-08-06,1
2007-08-07,1
2007-08-08,1
2007-08-09,1
2007-08-10,1
2007-08-11,1
2007-08-12,1
2007-08-13,1
2007-08-14,1
2007-08-15,1
2007-08-16,1
2007-08-17,1
2007-08-18,1
2007-08-19,1
2007-08-20,1
2007-08-21,1
2007-08-22,1
2007-08-23,1
2007-08-24,1
2007-08-25,1
2007-08-26,1
2007-08-27,1
2007-08-28,1
2007-08-29,1
2007-08-30,1
2007-08-31,1
2007-09-01,1
2007-09-02,1
2007-09-03,1
2007-09-04,1
2007-09-05,1
2007-09-06,1
2007-09-07,1
2007-09-08,1
2007-09-09,1
2007-09-10,1
2007-09-11,1
2007-09-12,1
2007-09-13,1
2007-09-14,1
2007-09-15,1
2007-09-16,1
2007-09-17,1
2007-09-18,1
2007-09-19,1
2007-09-20,1
2007-09-21,1
2007-09-22,1
2007-09-23,1
2007-09-24,1
2007-09-25,1
2007-09-26,1
2007-09-27,1
2007-09-28,1
2007-09-29,1
2007-09-30,1
2007-10-01,1
2007-10-02,1
2007-10-03,1
2007-10-04,1
2007-10-05,1
2007-10-06,1
2007-10-07,1
2007-10-08,1
2007-10-09,1
2007-10-10,1
2007-10-11,1
2007-10-12,1
2007-10-13,1
2007-10-14,1
2007-10-15,1
2007-10-16,1
2007-10-17,1
2007-10-18,1
2007-10-19,1
2007-10-20,1
2007-10-21,1
2007-10-22,1
2007-10-23,1
2007-10-24,1
2007-10-25,1
2007-10-26,1
2007-10-27,1
2007-10-28,1
2007-10-29,1
2007-10-30,1
2007-10-31,1
2007-11-01,1
2007-11-02,1
2007-11-03,1
2007-11-04,1
2007-11-05,1
2007-11-06,1
2007-11-07,1
2007-11-08,1
2007-11-09,1
2007-11-10,1
2007-11-11,1
2007-11-12,1
2007-11-13,1
2007-11-14,1
2007-11-15,1
2007-11-16,1
2007-11-17,1
2007-11-18,1
2007-11-19,1
2007-11-20,1
2007-11-21,1
2007-11-22,1
2007-11-23,1
2007-11-24,1
2007-11-25,1
2007-11-26,1
2007-11-27,1
2007-11-28,1
2007-11-29,1
2007-11-30,1
2007-12-01,1
2007-12-02,1
2007-12-03,1
2007-12-04,1
2007-12-05,1
2007-12-06,1
2007-12-07,1
2007-12-08,1
2007-12-09,1
2007-12-10,1
2007-12-11,1
2007-12-12,1
2007-12-13,1
2007-12-14,1
2007-12-15,1
2007-12-16,1
2007-12-17,1
2007-12-18,1
2007-12-19,1
2007-12-20,1
2007-12-21,1
2007-12-22,1
2007-12-23,1
2007-12-24,1
2007-12-25,1
2007-12-26,1
2007-12-27,1
2007-12-28,1
2007-12-29,1
2007-12-30,1
2007-12-31,1
2008-01-01,1
2008-01-02,1
2008-01-03,1
2008-01-04,1
2008-01-05,1
2008-01-06,1
2008-01-07,1
2008-01-08,1
2008-01-09,1
2008-01-10,1
2008-01-11,1
2008-01-12,1
2008-01-13,1
2008-01-14,1
2008-01-15,1
2008-01-16,1
2008-01-17,1
2008-01-18,1
2008-01-19,1
2008-01-20,1
2008-01-21,1
2008-01-22,1
2008-01-23,1
2008-01-24,1
2008-01-25,1
2008-01-26,1
2008-01-27,1
2008-01-28,1
2008-01-29,1
2008-01-30,1
2008-01-31,1
2008-02-01,1
2008-02-02,1
2008-02-03,1
2008-02-04,1
2008-02-05,1
2008-02-06,1
2008-02-07,1
2008-02-08,1
2008-02-09,1
2008-02-10,1
2008-02-11,1
2008-02-12,1
2008-02-13,1
2008-02-14,1
2008-02-15,1
2008-02-16,1
2008-02-17,1
2008-02-18,1
2008-02-19,1
2008-02-20,1
2008-02-21,1
2008-02-22,1
2008-02-23,1
2008-02-24,1
2008-02-25,1
2008-02-26,1
2008-02-27,1
2008-02-28,1
2008-02-29,1
2008-03-01,1
2008-03-02,1
2008-03-03,1
2008-03-04,1
2008-03-05,1
2008-03-06,1
2008-03-07,1
2008-03-08,1
2008-03-09,1
2008-03-10,1
2008-03-11,1
2008-03-12,1
2008-03-13,1
2008-03-14,1
2008-03-15,1
2008-03-16,1
2008-03-17,1
2008-03-18,1
2008-03-19,1
2008-03-20,1
2008-03-21,1
2008-03-22,1
2008-03-23,1
2008-03-24,1
2008-03-25,1
2008-03-26,1
2008-03-27,1
2008-03-28,1
2008-03-29,1
2008-03-30,1
2008-03-31,1
2008-04-01,1
2008-04-02,1
2008-04-03,1
2008-04-04,1
2008-04-05,1
2008-04-06,1
2008-04-07,1
2008-04-08,1
2008-04-09,1
2008-04-10,1
2008-04-11,1
2008-04-12,1
2008-04-13,1
2008-04-14,1
2008-04-15,1
2008-04-16,1
2008-04-17,1
2008-04-18,1
2008-04-19,1
2008-04-20,1
2008-04-21,1
2008-04-22,1
2008-04-23,1
2008-04-24,1
2008-04-25,1
2008-04-26,1
2008-04-27,1
2008-04-28,1
2008-04-29,1
2008-04-30,1
2008-05-01,1
2008-05-02,1
2008-05-03,1
2008-05-04,1
2008-05-05,1
2008-05-06,1
2008-05-07,1
2008-05-08,1
2008-05-09,1
2008-05-10,1
2008-05-11,1
2008-05-12,1
2008-05-13,1
2008-05-14,1
2008-05-15,1
2008-05-16,1
2008-05-17,1
2008-05-18,1
2008-05-19,1
2008-05-20,1
2008-05-21,1
2008-05-22,1
2008-05-23,1
2008-05-24,1
2008-05-25,1
2008-05-26,1
2008-05-27,1
2008-05-28,1
2008-05-29,1
2008-05-30,1
2008-05-31,1
2008-06-01,1
2008-06-02,1
2008-06-03,1
2008-06-04,1
2008-06-05,1
2008-06-06,1
2008-06-07,1
2008-06-08,1
2008-06-09,1
2008-06-10,1
2008-06-11,1
2008-06-12,1
2008-06-13,1
2008-06-14,1
2008-06-15,1
2008-06-16,1
2008-06-17,1
2008-06-18,1
2008-06-19,1
2008-06-20,1
2008-06-21,1
2008-06-22,1
2008-06-23,1
2008-06-24,1
2008-06-25,1
2008-06-26,1
2008-06-27,1
2008-06-28,1
2008-06-29,1
2008-06-30,1
2008-07-01,1
2008-07-02,1
2008-07-03,1
2008-07-04,1
2008-07-05,1
2008-07-06,1
2008-07-07,1
2008-07-08,1
2008-07-09,1
2008-07-10,1
2008-07-11,1
2008-07-12,1
2008-07-13,1
2008-07-14,1
2008-07-15,1
2008-07-16,1
2008-07-17,1
2008-07-18,1
2008-07-19,1
2008-07-20,1
2008-07-21,1
2008-07-22,1
2008-07-23,1
2008-07-24,1
2008-07-25,1
2008-07-26,1
2008-07-27,1
2008-07-28,1
2008-07-29,1
2008-07-30,1
2008-07-31,1
2008-08-01,1
2008-08-02,1
2008-08-03,1
2008-08-04,1
2008-08-05,1
2008-08-06,1
2008-08-07,1
2008-08-08,1
2008-08-09,1
2008-08-10,1
2008-08-11,1
2008-08-12,1
2008-08-13,1
2008-08-14,1
2008-08-15,1
2008-08-16,1
2008-08-17,1
2008-08-18,1
2008-08-19,1
2008-08-20,1
2008-08-21,1
2008-08-22,1
2008-08-23,1
2008-08-24,1
2008-08-25,1
2008-08-26,1
2008-08-27,1
2008-08-28,1
2008-08-29,1
2008-08-30,1
2008-08-31,1
2008-09-01,1
2008-09-02,1
2008-09-03,1
2008-09-04,1
2008-09-05,1
2008-09-06,1
2008-09-07,1
2008-09-08,1
2008-09-09,1
2008-09-10,1
2008-09-11,1
2008-09-12,1
2008-09-13,1
2008-09-14,1
2008-09-15,1
2008-09-16,1
2008-09-17,1
2008-09-18,1
2008-09-19,1
2008-09-20,1
2008-09-21,1
2008-09-22,1
2008-09-23,1
2008-09-24,1
2008-09-25,1
2008-09-26,1
2008-09-27,1
2008-09-28,1
2008-09-29,1
2008-09-30,1
2008-10-01,1
2008-10-02,1
2008-10-03,1
2008-10-04,1
2008-10-05,1
2008-10-06,1
2008-10-07,1
2008-10-08,1
2008-10-09,1
2008-10-10,1
2008-10-11,1
2008-10-12,1
2008-10-13,1
2008-10-14,1
2008-10-15,1
2008-10-16,1
2008-10-17,1
2008-10-18,1
2008-10-19,1
2008-10-20,1
2008-10-21,1
2008-10-22,1
2008-10-23,1
2008-10-24,1
2008-10-25,1
2008-10-26,1
2008-10-27,1
2008-10-28,1
2008-10-29,1
2008-10-30,1
2008-10-31,1
2008-11-01,1
2008-11-02,1
2008-11-03,1
2008-11-04,1
2008-11-05,1
2008-11-06,1
2008-11-07,1
2008-11-08,1
2008-11-09,1
2008-11-10,1
2008-11-11,1
2008-11-12,1
2008-11-13,1
2008-11-14,1
2008-11-15,1
2008-11-16,1
2008-11-17,1
2008-11-18,1
2008-11-19,1
2008-11-20,1
2008-11-21,1
2008-11-22,1
2008-11-23,1
2008-11-24,1
2008-11-25,1
2008-11-26,1
2008-11-27,1
2008-11-28,1
2008-11-29,1
2008-11-30,1
2008-12-01,1
2008-12-02,1
2008-12-03,1
2008-12-04,1
2008-12-05,1
2008-12-06,1
2008-12-07,1
2008-12-08,1
2008-12-09,1
2008-12-10,1
2008-12-11,1
2008-12-12,1
2008-12-13,1
2008-12-14,1
2008-12-15,1
2008-12-16,1
2008-12-17,1
2008-12-18,1
2008-12-19,1
2008-12-20,1
2008-12-21,1
2008-12-22,1
2008-12-23,1
2008-12-24,1
2008-12-25,1
2008-12-26,1
2008-12-27,1
2008-12-28,1
2008-12-29,1
2008-12-30,1
2008-12-31,1
2009-01-01,1
2009-01-02,1
2009-01-03,1
2009-01-04,1
2009-01-05,1
2009-01-06,1
2009-01-07,1
2009-01-08,1
2009-01-09,1
2009-01-10,1
2009-01-11,1
2009-01-12,1
2009-01-13,1
2009-01-14,1
2009-01-15,1
2009-01-16,1
2009-01-17,1
2009-01-18,1
2009-01-19,1
2009-01-20,1
2009-01-21,1
2009-01-22,1
2009-01-23,1
2009-01-24,1
2009-01-25,1
2009-01-26,1
2009-01-27,1
2009-01-28,1
2009-01-29,1
2009-01-30,1
2009-01-31,1
2009-02-01,1
2009-02-02,1
2009-02-03,1
2009-02-04,1
2009-02-05,1
2009-02-06,1
2009-02-07,1
2009-02-08,1
2009-02-09,1
2009-02-10,1
2009-02-11,1
2009-02-12,1
2009-02-13,1
2009-02-14,1
2009-02-15,1
2009-02-16,1
2009-02-17,1
2009-02-18,1
2009-02-19,1
2009-02-20,1
2009-02-21,1
2009-02-22,1
2009-02-23,1
2009-02-24,1
2009-02-25,1
2009-02-26,1
2009-02-27,1
2009-02-28,1
2009-03-01,1
2009-03-02,1
2009-03-03,1
2009-03-04,1
2009-03-05,1
2009-03-06,1
2009-03-07,1
2009-03-08,1
2009-03-09,1
2009-03-10,1
2009-03-11,1
2009-03-12,1
2009-03-13,1
2009-03-14,1
2009-03-15,1
2009-03-16,1
2009-03-17,1
2009-03-18,1
2009-03-19,1
2009-03-20,1
2009-03-21,1
2009-03-22,1
2009-03-23,1
2009-03-24,1
2009-03-25,1
2009-03-26,1
2009-03-27,1
2009-03-28,1
2009-03-29,1
2009-03-30,1
2009-03-31,1
2009-04-01,1
2009-04-02,1
2009-04-03,1
2009-04-04,1
2009-04-05,1
2009-04-06,1
2009-04-07,1
2009-04-08,1
2009-04-09,1
2009-04-10,1
2009-04-11,1
2009-04-12,1
2009-04-13,1
2009-04-14,1
2009-04-15,1
2009-04-16,1
2009-04-17,1
2009-04-18,1
2009-04-19,1
2009-04-20,1
2009-04-21,1
2009-04-22,1
2009-04-23,1
2009-04-24,1
2009-04-25,1
2009-04-26,1
2009-04-27,1
2009-04-28,1
2009-04-29,1
2009-04-30,1
2009-05-01,1
2009-05-02,1
2009-05-03,1
2009-05-04,1
2009-05-05,1
2009-05-06,1
2009-05-07,1
2009-05-08,1
2009-05-09,1
2009-05-10,1
2009-05-11,1
2009-05-12,1
2009-05-13,1
2009-05-14,1
2009-05-15,1
2009-05-16,1
2009-05-17,1
2009-05-18,1
2009-05-19,1
2009-05-20,1
2009-05-21,1
2009-05-22,1
2009-05-23,1
2009-05-24,1
2009-05-25,1
2009-05-26,1
2009-05-27,1
2009-05-28,1
2009-05-29,1
2009-05-30,1
2009-05-31,1
2009-06-01,1
2009-06-02,1
2009-06-03,1
2009-06-04,1
2009-06-05,1
2009-06-06,1
2009-06-07,1
2009-06-08,1
2009-06-09,1
2009-06-10,1
2009-06-11,1
2009-06-12,1
2009-06-13,1
2009-06-14,1
2009-06-15,1
2009-06-16,1
2009-06-17,1
2009-06-18,1
2009-06-19,1
2009-06-20,1
2009-06-21,1
2009-06-22,1
2009-06-23,1
2009-06-24,1
2009-06-25,1
2009-06-26,1
2009-06-27,1
2009-06-28,1
2009-06-29,1
2009-06-30,1
2009-07-01,1
2009-07-02,1
2009-07-03,1
2009-07-04,1
2009-07-05,1
2009-07-06,1
2009-07-07,1
2009-07-08,1
2009-07-09,1
2009-07-10,1
2009-07-11,1
2009-07-12,1
2009-07-13,1
2009-07-14,1
2009-07-15,1
2009-07-16,1
2009-07-17,1
2009-07-18,1
2009-07-19,1
2009-07-20,1
2009-07-21,1
2009-07-22,1
2009-07-23,1
2009-07-24,1
2009-07-25,1
2009-07-26,1
2009-07-27,1
2009-07-28,1
2009-07-29,1
2009-07-30,1
2009-07-31,1
2009-08-01,1
2009-08-02,1
2009-08-03,1
2009-08-04,1
2009-08-05,1
2009-08-06,1
2009-08-07,1
2009-08-08,1
2009-08-09,1
2009-08-10,1
2009-08-11,1
2009-08-12,1
2009-08-13,1
2009-08-14,1
2009-08-15,1
2009-08-16,1
2009-08-17,1
2009-08-18,1
2009-08-19,1
2009-08-20,1
2009-08-21,1
2009-08-22,1
2009-08-23,1
2009-08-24,1
2009-08-25,1
2009-08-26,1
2009-08-27,1
2009-08-28,1
2009-08-29,1
2009-08-30,1
2009-08-31,1
2009-09-01,1
2009-09-02,1
2009-09-03,1
2009-09-04,1
2009-09-05,1
2009-09-06,1
2009-09-07,1
2009-09-08,1
2009-09-09,1
2009-09-10,1
2009-09-11,1
2009-09-12,1
2009-09-13,1
2009-09-14,1
2009-09-15,1
2009-09-16,1
2009-09-17,1
2009-09-18,1
2009-09-19,1
2009-09-20,1
2009-09-21,1
2009-09-22,1
2009-09-23,1
2009-09-24,1
2009-09-25,1
2009-09-26,1
2009-09-27,1
2009-09-28,1
2009-09-29,1
2009-09-30,1
2009-10-01,1
2009-10-02,1
2009-10-03,1
2009-10-04,1
2009-10-05,1
2009-10-06,1
2009-10-07,1
2009-10-08,1
2009-10-09,1
2009-10-10,1
2009-10-11,1
2009-10-12,1
2009-10-13,1
2009-10-14,1
2009-10-15,1
2009-10-16,1
2009-10-17,1
2009-10-18,1
2009-10-19,1
2009-10-20,1
2009-10-21,1
2009-10-22,1
2009-10-23,1
2009-10-24,1
2009-10-25,1
2009-10-26,1
2009-10-27,1
2009-10-28,1
2009-10-29,1
2009-10-30,1
2009-10-31,1
2009-11-01,1
2009-11-02,1
2009-11-03,1
2009-11-04,1
2009-11-05,1
2009-11-06,1
2009-11-07,1
2009-11-08,1
2009-11-09,1
2009-11-10,1
2009-11-11,1
2009-11-12,1
2009-11-13,1
2009-11-14,1
2009-11-15,1
2009-11-16,1
2009-11-17,1
2009-11-18,1
2009-11-19,1
2009-11-20,1
2009-11-21,1
2009-11-22,1
2009-11-23,1
2009-11-24,1
2009-11-25,1
2009-11-26,1
2009-11-27,1
2009-11-28,1
2009-11-29,1
2009-11-30,1
2009-12-01,1
2009-12-02,1
2009-12-03,1
2009-12-04,1
2009-12-05,1
2009-12-06,1
2009-12-07,1
2009-12-08,1
2009-12-09,1
2009-12-10,1
2009-12-11,1
2009-12-12,1
2009-12-13,1
2009-12-14,1
2009-12-15,1
2009-12-16,1
2009-12-17,1
2009-12-18,1
2009-12-19,1
2009-12-20,1
2009-12-21,1
2009-12-22,1
2009-12-23,1
2009-12-24,1
2009-12-25,1
2009-12-26,1
2009-12-27,1
2009-12-28,1
2009-12-29,1
2009-12-30,1
2009-12-31,1
2010-01-01,1
2010-01-02,1
2010-01-03,1
2010-01-04,1
2010-01-05,1
2010-01-06,1
2010-01-07,1
2010-01-08,1
2010-01-09,1
2010-01-10,1
2010-01-11,1
2010-01-12,1
2010-01-13,1
2010-01-14,1
2010-01-15,1
2010-01-16,1
2010-01-17,1
2010-01-18,1
2010-01-19,1
2010-01-20,1
2010-01-21,1
2010-01-22,1
2010-01-23,1
2010-01-24,1
2010-01-25,1
2010-01-26,1
2010-01-27,1
2010-01-28,1
2010-01-29,1
2010-01-30,1
2010-01-31,1
2010-02-01,1
2010-02-02,1
2010-02-03,1
2010-02-04,1
2010-02-05,1
2010-02-06,1
2010-02-07,1
2010-02-08,1
2010-02-09,1
2010-02-10,1
2010-02-11,1
2010-02-12,1
2010-02-13,1
2010-02-14,1
2010-02-15,1
2010-02-16,1
2010-02-17,1
2010-02-18,1
2010-02-19,1
2010-02-20,1
2010-02-21,1
2010-02-22,1
2010-02-23,1
2010-02-24,1
2010-02-25,1
2010-02-26,1
2010-02-27,1
2010-02-28,1
2010-03-01,1
2010-03-02,1
2010-03-03,1
2010-03-04,1
2010-03-05,1
2010-03-06,1
2010-03-07,1
2010-03-08,1
2010-03-09,1
2010-03-10,1
2010-03-11,1
2010-03-12,1
2010-03-13,1
2010-03-14,1
2010-03-15,1
2010-03-16,1
2010-03-17,1
2010-03-18,1
2010-03-19,1
2010-03-20,1
2010-03-21,1
2010-03-22,1
2010-03-23,1
2010-03-24,1
2010-03-25,1
2010-03-26,1
2010-03-27,1
2010-03-28,1
2010-03-29,1
2010-03-30,1
2010-03-31,1
2010-04-01,1
2010-04-02,1
2010-04-03,1
2010-04-04,1
2010-04-05,1
2010-04-06,1
2010-04-07,1
2010-04-08,1
2010-04-09,1
2010-04-10,1
2010-04-11,1
2010-04-12,1
2010-04-13,1
2010-04-14,1
2010-04-15,1
2010-04-16,1
2010-04-17,1
2010-04-18,1
2010-04-19,1
2010-04-20,1
2010-04-21,1
2010-04-22,1
2010-04-23,1
2010-04-24,1
2010-04-25,1
2010-04-26,1
2010-04-27,1
2010-04-28,1
2010-04-29,1
2010-04-30,1
2010-05-01,1
2010-05-02,1
2010-05-03,1
2010-05-04,1
2010-05-05,1
2010-05-06,1
2010-05-07,1
2010-05-08,1
2010-05-09,1
2010-05-10,1
2010-05-11,1
2010-05-12,1
2010-05-13,1
2010-05-14,1
2010-05-15,1
2010-05-16,1
2010-05-17,1
2010-05-18,1
2010-05-19,1
2010-05-20,1
2010-05-21,1
2010-05-22,1
2010-05-23,1
2010-05-24,1
2010-05-25,1
2010-05-26,1
2010-05-27,1
2010-05-28,1
2010-05-29,1
2010-05-30,1
2010-05-31,1
2010-06-01,1
2010-06-02,1
2010-06-03,1
2010-06-04,1
2010-06-05,1
2010-06-06,1
2010-06-07,1
2010-06-08,1
2010-06-09,1
2010-06-10,1
2010-06-11,1
2010-06-12,1
2010-06-13,1
2010-06-14,1
2010-06-15,1
2010-06-16,1
2010-06-17,1
2010-06-18,1
2010-06-19,1
2010-06-20,1
2010-06-21,1
2010-06-22,1
2010-06-23,1
2010-06-24,1
2010-06-25,1
2010-06-26,1
2010-06-27,1
2010-06-28,1
2010-06-29,1
2010-06-30,1
2010-07-01,1
2010-07-02,1
2010-07-03,1
2010-07-04,1
2010-07-05,1
2010-07-06,1
2010-07-07,1
2010-07-08,1
2010-07-09,1
2010-07-10,1
2010-07-11,1
2010-07-12,1
2010-07-13,1
2010-07-14,1
2010-07-15,1
2010-07-16,1
2010-07-17,1
2010-07-18,1
2010-07-19,1
2010-07-20,1
2010-07-21,1
2010-07-22,1
2010-07-23,1
2010-07-24,1
2010-07-25,1
2010-07-26,1
2010-07-27,1
2010-07-28,1
2010-07-29,1
2010-07-30,1
2010-07-31,1
2010-08-01,1
2010-08-02,1
2010-08-03,1
2010-08-04,1
2010-08-05,1
2010-08-06,1
2010-08-07,1
2010-08-08,1
2010-08-09,1
2010-08-10,1
2010-08-11,1
2010-08-12,1
2010-08-13,1
2010-08-14,1
2010-08-15,1
2010-08-16,1
2010-08-17,1
2010-08-18,1
2010-08-19,1
2010-08-20,1
2010-08-21,1
2010-08-22,1
2010-08-23,1
2010-08-24,1
2010-08-25,1
2010-08-26,1
2010-08-27,1
2010-08-28,1
2010-08-29,1
2010-08-30,1
2010-08-31,1
2010-09-01,1
2010-09-02,1
2010-09-03,1
2010-09-04,1
2010-09-05,1
2010-09-06,1
2010-09-07,1
2010-09-08,1
2010-09-09,1
2010-09-10,1
2010-09-11,1
2010-09-12,1
2010-09-13,1
2010-09-14,1
2010-09-15,1
2010-09-16,1
2010-09-17,1
2010-09-18,1
2010-09-19,1
2010-09-20,1
2010-09-21,1
2010-09-22,1
2010-09-23,1
2010-09-24,1
2010-09-25,1
2010-09-26,1
2010-09-27,1
2010-09-28,1
2010-09-29,1
2010-09-30,1
2010-10-01,1
2010-10-02,1
2010-10-03,1
2010-10-04,1
2010-10-05,1
2010-10-06,1
2010-10-07,1
2010-10-08,1
2010-10-09,1
2010-10-10,1
2010-10-11,1
2010-10-12,1
2010-10-13,1
2010-10-14,1
2010-10-15,1
2010-10-16,1
2010-10-17,1
2010-10-18,1
2010-10-19,1
2010-10-20,1
2010-10-21,1
2010-10-22,1
2010-10-23,1
2010-10-24,1
2010-10-25,1
2010-10-26,1
2010-10-27,1
2010-10-28,1
2010-10-29,1
2010-10-30,1
2010-10-31,1
2010-11-01,1
2010-11-02,1
2010-11-03,1
2010-11-04,1
2010-11-05,1
2010-11-06,1
2010-11-07,1
2010-11-08,1
2010-11-09,1
2010-11-10,1
2010-11-11,1
2010-11-12,1
2010-11-13,1
2010-11-14,1
2010-11-15,1
2010-11-16,1
2010-11-17,1
2010-11-18,1
2010-11-19,1
2010-11-20,1
2010-11-21,1
2010-11-22,1
2010-11-23,1
2010-11-24,2
2010-11-25,2
2010-11-26,2
2010-11-27,2
2010-11-28,2
2010-11-29,2
2010-11-30,2
2010-12-01,3
2010-12-02,3
2010-12-03,3
2010-12-04,3
2010-12-05,3
2010-12-06,3
2010-12-07,3
2010-12-08,3
2010-12-09,3
2010-12-10,3
2010-12-11,3
2010-12-12,3
2010-12-13,3
2010-12-14,3
2010-12-15,3
2010-12-16,3
2010-12-17,3
2010-12-18,3
2010-12-19,3
2010-12-20,3
2010-12-21,3
2010-12-22,3
2010-12-23,3
2010-12-24,3
2010-12-25,3
2010-12-26,3
2010-12-27,3
2010-12-28,3
2010-12-29,3
2010-12-30,3
2010-12-31,3
2011-01-01,3
2011-01-02,3
2011-01-03,3
2011-01-04,3
2011-01-05,3
2011-01-06,3
2011-01-07,3
2011-01-08,3
2011-01-09,3
2011-01-10,3
2011-01-11,3
2011-01-12,3
2011-01-13,3
2011-01-14,3
2011-01-15,3
2011-01-16,3
2011-01-17,3
2011-01-18,3
2011-01-19,3
2011-01-20,3
2011-01-21,3
2011-01-22,3
2011-01-23,3
2011-01-24,3
2011-01-25,3
2011-01-26,3
2011-01-27,3
2011-01-28,3
2011-01-29,3
2011-01-30,3
2011-01-31,3
2011-02-01,3
2011-02-02,3
2011-02-03,3
2011-02-04,3
2011-02-05,3
2011-02-06,3
2011-02-07,3
2011-02-08,3
2011-02-09,3
2011-02-10,3
2011-02-11,3
2011-02-12,3
2011-02-13,3
2011-02-14,3
2011-02-15,3
2011-02-16,3
2011-02-17,3
2011-02-18,3
2011-02-19,3
2011-02-20,3
2011-02-21,3
2011-02-22,3
2011-02-23,3
2011-02-24,3
2011-02-25,3
2011-02-26,3
2011-02-27,3
2011-02-28,3
2011-03-01,4
2011-03-02,4
2011-03-03,4
2011-03-04,4
2011-03-05,4
2011-03-06,4
2011-03-07,4
2011-03-08,4
2011-03-09,4
2011-03-10,4
2011-03-11,4
2011-03-12,4
2011-03-13,4
2011-03-14,4
2011-03-15,4
2011-03-16,4
2011-03-17,4
2011-03-18,4
2011-03-19,4
2011-03-20,4
2011-03-21,4
2011-03-22,4
2011-03-23,4
2011-03-24,4
2011-03-25,4
2011-03-26,4
2011-03-27,4
2011-03-28,4
2011-03-29,4
2011-03-30,4
2011-03-31,4
2011-04-01,5
2011-04-02,5
2011-04-03,5
2011-04-04,5
2011-04-05,5
2011-04-06,5
2011-04-07,5
2011-04-08,5
2011-04-09,5
2011-04-10,5
2011-04-11,5
2011-04-12,5
2011-04-13,5
2011-04-14,5
2011-04-15,5
2011-04-16,5
2011-04-17,5
2011-04-18,5
2011-04-19,5
2011-04-20,5
2011-04-21,5
2011-04-22,5
2011-04-23,5
2011-04-24,5
2011-04-25,5
2011-04-26,5
2011-04-27,5
2011-04-28,5
2011-04-29,5
2011-04-30,5
2011-05-01,7
2011-05-02,7
2011-05-03,7
2011-05-04,7
2011-05-05,7
2011-05-06,7
2011-05-07,7
2011-05-08,7
2011-05-09,7
2011-05-10,7
2011-05-11,7
2011-05-12,7
2011-05-13,7
2011-05-14,7
2011-05-15,7
2011-05-16,7
2011-05-17,7
2011-05-18,7
2011-05-19,7
2011-05-20,7
2011-05-21,7
2011-05-22,7
2011-05-23,7
2011-05-24,7
2011-05-25,7
2011-05-26,7
2011-05-27,7
2011-05-28,7
2011-05-29,7
2011-05-30,7
2011-05-31,7
2011-06-01,8
2011-06-02,8
2011-06-03,8
2011-06-04,8
2011-06-05,8
2011-06-06,8
2011-06-07,8
2011-06-08,8
2011-06-09,8
2011-06-10,8
2011-06-11,8
2011-06-12,8
2011-06-13,8
2011-06-14,8
2011-06-15,8
2011-06-16,8
2011-06-17,8
2011-06-18,8
2011-06-19,8
2011-06-20,8
2011-06-21,8
2011-06-22,8
2011-06-23,8
2011-06-24,8
2011-06-25,8
2011-06-26,8
2011-06-27,8
2011-06-28,8
2011-06-29,8
2011-06-30,8
2011-07-01,10
2011-07-02,10
2011-07-03,10
2011-07-04,10
2011-07-05,10
2011-07-06,10
2011-07-07,10
2011-07-08,10
2011-07-09,10
2011-07-10,10
2011-07-11,10
2011-07-12,10
2011-07-13,10
2011-07-14,10
2011-07-15,10
2011-07-16,10
2011-07-17,10
2011-07-18,10
2011-07-19,10
2011-07-20,10
2011-07-21,10
2011-07-22,10
2011-07-23,10
2011-07-24,10
2011-07-25,10
2011-07-26,10
2011-07-27,10
2011-07-28,10
2011-07-29,10
2011-07-30,10
2011-07-31,10
2011-08-01,11
2011-08-02,11
2011-08-03,11
2011-08-04,11
2011-08-05,11
2011-08-06,11
2011-08-07,12
2011-08-08,12
2011-08-09,12
2011-08-10,12
2011-08-11,12
2011-08-12,12
2011-08-13,12
2011-08-14,12
2011-08-15,12
2011-08-16,12
2011-08-17,12
2011-08-18,12
2011-08-19,12
2011-08-20,12
2011-08-21,12
2011-08-22,12
2011-08-23,12
2011-08-24,12
2011-08-25,12
2011-08-26,12
2011-08-27,12
2011-08-28,12
2011-08-29,12
2011-08-30,12
2011-08-31,12
2011-09-01,15
2011-09-02,15
2011-09-03,15
2011-09-04,15
2011-09-05,15
2011-09-06,15
2011-09-07,15
2011-09-08,15
2011-09-09,15
2011-09-10,15
2011-09-11,15
2011-09-12,15
2011-09-13,15
2011-09-14,15
2011-09-15,15
2011-09-16,15
2011-09-17,15
2011-09-18,15
2011-09-19,15
2011-09-20,15
2011-09-21,15
2011-09-22,15
2011-09-23,15
2011-09-24,15
2011-09-25,15
2011-09-26,16
2011-09-27,16
2011-09-28,16
2011-09-29,16
2011-09-30,16
2011-10-01,19
2011-10-02,19
2011-10-03,19
2011-10-04,19
2011-10-05,19
2011-10-06,19
2011-10-07,19
2011-10-08,19
2011-10-09,19
2011-10-10,19
2011-10-11,19
2011-10-12,19
2011-10-13,19
2011-10-14,19
2011-10-15,19
2011-10-16,19
2011-10-17,19
2011-10-18,19
2011-10-19,19
2011-10-20,19
2011-10-21,19
2011-10-22,19
2011-10-23,19
2011-10-24,19
2011-10-25,19
2011-10-26,19
2011-10-27,19
2011-10-28,20
2011-10-29,20
2011-10-30,20
2011-10-31,20
2011-11-01,22
2011-11-02,22
2011-11-03,22
2011-11-04,22
2011-11-05,22
2011-11-06,22
2011-11-07,22
2011-11-08,22
2011-11-09,22
2011-11-10,22
2011-11-11,22
2011-11-12,22
2011-11-13,22
2011-11-14,22
2011-11-15,22
2011-11-16,22
2011-11-17,22
2011-11-18,22
2011-11-19,22
2011-11-20,22
2011-11-21,22
2011-11-22,22
2011-11-23,22
2011-11-24,22
2011-11-25,22
2011-11-26,22
2011-11-27,22
2011-11-28,22
2011-11-29,22
2011-11-30,22
2011-12-01,27
2011-12-02,27
2011-12-03,27
2011-12-04,27
2011-12-05,27
2011-12-06,27
2011-12-07,27
2011-12-08,27
2011-12-09,27
2011-12-10,27
2011-12-11,27
2011-12-12,27
2011-12-13,27
2011-12-14,27
2011-12-15,27
2011-12-16,27
2011-12-17,27
2011-12-18,27
2011-12-19,27
2011-12-20,27
2011-12-21,27
2011-12-22,27
2011-12-23,27
2011-12-24,27
2011-12-25,27
2011-12-26,27
2011-12-27,27
2011-12-28,27
2011-12-29,27
2011-12-30,27
2011-12-31,27
2012-01-01,28
2012-01-02,28
2012-01-03,28
2012-01-04,28
2012-01-05,28
2012-01-06,28
2012-01-07,28
2012-01-08,28
2012-01-09,28
2012-01-10,28
2012-01-11,28
2012-01-12,28
2012-01-13,28
2012-01-14,28
2012-01-15,28
2012-01-16,28
2012-01-17,28
2012-01-18,28
2012-01-19,29
2012-01-20,29
2012-01-21,29
2012-01-22,29
2012-01-23,29
2012-01-24,29
2012-01-25,29
2012-01-26,29
2012-01-27,29
2012-01-28,29
2012-01-29,29
2012-01-30,29
2012-01-31,29
2012-02-01,32
2012-02-02,32
2012-02-03,32
2012-02-04,32
2012-02-05,32
2012-02-06,32
2012-02-07,33
2012-02-08,33
2012-02-09,33
2012-02-10,33
2012-02-11,33
2012-02-12,33
2012-02-13,33
2012-02-14,33
2012-02-15,33
2012-02-16,33
2012-02-17,33
2012-02-18,33
2012-02-19,33
2012-02-20,33
2012-02-21,33
2012-02-22,33
2012-02-23,33
2012-02-24,33
2012-02-25,33
2012-02-26,33
2012-02-27,33
2012-02-28,33
2012-02-29,33
2012-03-01,33
2012-03-02,33
2012-03-03,33
2012-03-04,33
2012-03-05,34
2012-03-06,34
2012-03-07,34
2012-03-08,34
2012-03-09,34
2012-03-10,34
2012-03-11,34
2012-03-12,34
2012-03-13,36
2012-03-14,36
2012-03-15,36
2012-03-16,36
2012-03-17,36
2012-03-18,36
2012-03-19,36
2012-03-20,36
2012-03-21,38
2012-03-22,38
2012-03-23,38
2012-03-24,38
2012-03-25,38
2012-03-26,38
2012-03-27,38
2012-03-28,38
2012-03-29,38
2012-03-30,38
2012-03-31,38
2012-04-01,43
2012-04-02,44
2012-04-03,44
2012-04-04,44
2012-04-05,44
2012-04-06,44
2012-04-07,44
2012-04-08,44
2012-04-09,44
2012-04-10,44
2012-04-11,44
2012-04-12,44
2012-04-13,44
2012-04-14,44
2012-04-15,44
2012-04-16,44
2012-04-17,44
2012-04-18,44
2012-04-19,44
2012-04-20,44
2012-04-21,44
2012-04-22,44
2012-04-23,44
2012-04-24,44
2012-04-25,44
2012-04-26,44
2012-04-27,44
2012-04-28,44
2012-04-29,44
2012-04-30,44
2012-05-01,50
2012-05-02,50
2012-05-03,50
2012-05-04,50
2012-05-05,50
2012-05-06,50
2012-05-07,50
2012-05-08,50
2012-05-09,50
2012-05-10,50
2012-05-11,51
2012-05-12,51
2012-05-13,51
2012-05-14,51
2012-05-15,51
2012-05-16,51
2012-05-17,51
2012-05-18,51
2012-05-19,51
2012-05-20,51
2012-05-21,51
2012-05-22,51
2012-05-23,51
2012-05-24,51
2012-05-25,51
2012-05-26,51
2012-05-27,51
2012-05-28,51
2012-05-29,51
2012-05-30,51
2012-05-31,51
2012-06-01,55
2012-06-02,55
2012-06-03,55
2012-06-04,55
2012-06-05,55
2012-06-06,55
2012-06-07,55
2012-06-08,55
2012-06-09,55
2012-06-10,55
2012-06-11,55
2012-06-12,55
2012-06-13,55
2012-06-14,55
2012-06-15,55
2012-06-16,55
2012-06-17,55
2012-06-18,55
2012-06-19,55
2012-06-20,55
2012-06-21,55
2012-06-22,55
2012-06-23,55
2012-06-24,55
2012-06-25,55
2012-06-26,55
2012-06-27,55
2012-06-28,55
2012-06-29,55
2012-06-30,55
2012-07-01,62
2012-07-02,62
2012-07-03,62
2012-07-04,62
2012-07-05,62
2012-07-06,62
2012-07-07,62
2012-07-08,62
2012-07-09,62
2012-07-10,62
2012-07-11,62
2012-07-12,62
2012-07-13,62
2012-07-14,62
2012-07-15,62
2012-07-16,63
2012-07-17,63
2012-07-18,63
2012-07-19,63
2012-07-20,63
2012-07-21,63
2012-07-22,63
2012-07-23,63
2012-07-24,63
2012-07-25,63
2012-07-26,63
2012-07-27,63
2012-07-28,63
2012-07-29,63
2012-07-30,63
2012-07-31,63
2012-08-01,70
2012-08-02,70
2012-08-03,70
2012-08-04,70
2012-08-05,71
2012-08-06,71
2012-08-07,71
2012-08-08,71
2012-08-09,71
2012-08-10,71
2012-08-11,71
2012-08-12,73
2012-08-13,73
2012-08-14,73
2012-08-15,73
2012-08-16,73
2012-08-17,73
2012-08-18,73
2012-08-19,73
2012-08-20,73
2012-08-21,73
2012-08-22,73
2012-08-23,73
2012-08-24,73
2012-08-25,73
2012-08-26,73
2012-08-27,73
2012-08-28,73
2012-08-29,73
2012-08-30,73
2012-08-31,73
2012-09-01,78
2012-09-02,78
2012-09-03,78
2012-09-04,78
2012-09-05,78
2012-09-06,79
2012-09-07,79
2012-09-08,79
2012-09-09,79
2012-09-10,79
2012-09-11,79
2012-09-12,79
2012-09-13,79
2012-09-14,79
2012-09-15,79
2012-09-16,79
2012-09-17,79
2012-09-18,79
2012-09-19,79
2012-09-20,79
2012-09-21,79
2012-09-22,79
2012-09-23,79
2012-09-24,79
2012-09-25,79
2012-09-26,79
2012-09-27,79
2012-09-28,79
2012-09-29,79
2012-09-30,79
2012-10-01,82
2012-10-02,82
2012-10-03,82
2012-10-04,82
2012-10-05,82
2012-10-06,82
2012-10-07,82
2012-10-08,82
2012-10-09,82
2012-10-10,82
2012-10-11,82
2012-10-12,82
2012-10-13,82
2012-10-14,82
2012-10-15,82
2012-10-16,82
2012-10-17,82
2012-10-18,82
2012-10-19,82
2012-10-20,82
2012-10-21,82
2012-10-22,82
2012-10-23,82
2012-10-24,82
2012-10-25,82
2012-10-26,82
2012-10-27,82
2012-10-28,82
2012-10-29,82
2012-10-30,82
2012-10-31,82
2012-11-01,90
2012-11-02,90
2012-11-03,90
2012-11-04,90
2012-11-05,90
2012-11-06,90
2012-11-07,90
2012-11-08,90
2012-11-09,90
2012-11-10,90
2012-11-11,90
2012-11-12,90
2012-11-13,90
2012-11-14,91
2012-11-15,91
2012-11-16,91
2012-11-17,91
2012-11-18,91
2012-11-19,91
2012-11-20,91
2012-11-21,91
2012-11-22,92
2012-11-23,92
2012-11-24,92
2012-11-25,92
2012-11-26,92
2012-11-27,92
2012-11-28,92
2012-11-29,92
2012-11-30,92
2012-12-01,97
2012-12-02,98
2012-12-03,98
2012-12-04,98
2012-12-05,98
2012-12-06,98
2012-12-07,98
2012-12-08,98
2012-12-09,98
2012-12-10,98
2012-12-11,98
2012-12-12,98
2012-12-13,98
2012-12-14,98
2012-12-15,98
2012-12-16,98
2012-12-17,98
2012-12-18,98
2012-12-19,98
2012-12-20,98
2012-12-21,98
2012-12-22,98
2012-12-23,98
2012-12-24,98
2012-12-25,98
2012-12-26,98
2012-12-27,98
2012-12-28,98
2012-12-29,98
2012-12-30,98
2012-12-31,98
2013-01-01,98
2013-01-02,98
2013-01-03,98
2013-01-04,98
2013-01-05,98
2013-01-06,98
2013-01-07,98
2013-01-08,98
2013-01-09,98
2013-01-10,98
2013-01-11,98
2013-01-12,98
2013-01-13,98
2013-01-14,98
2013-01-15,98
2013-01-16,98
2013-01-17,98
2013-01-18,98
2013-01-19,98
2013-01-20,98
2013-01-21,98
2013-01-22,98
2013-01-23,98
2013-01-24,98
2013-01-25,98
2013-01-26,98
2013-01-27,98
2013-01-28,98
2013-01-29,98
2013-01-30,98
2013-01-31,98
2013-02-01,99
2013-02-02,99
2013-02-03,99
2013-02-04,99
2013-02-05,99
2013-02-06,99
2013-02-07,99
2013-02-08,99
2013-02-09,99
2013-02-10,99
2013-02-11,99
2013-02-12,99
2013-02-13,99
2013-02-14,99
2013-02-15,99
2013-02-16,99
2013-02-17,99
2013-02-18,99
2013-02-19,99
2013-02-20,99
2013-02-21,99
2013-02-22,99
2013-02-23,99
2013-02-24,99
2013-02-25,99
2013-02-26,99
2013-02-27,99
2013-02-28,99
2013-03-01,99
2013-03-02,99
2013-03-03,99
2013-03-04,99
2013-03-05,99
2013-03-06,99
2013-03-07,99
2013-03-08,99
2013-03-09,99
2013-03-10,99
2013-03-11,99
2013-03-12,99
2013-03-13,99
2013-03-14,99
2013-03-15,99
2013-03-16,99
2013-03-17,99
2013-03-18,99
2013-03-19,99
2013-03-20,99
2013-03-21,99
2013-03-22,99
2013-03-23,99
2013-03-24,99
2013-03-25,99
2013-03-26,99
2013-03-27,99
2013-03-28,99
2013-03-29,99
2013-03-30,99
2013-03-31,99
2013-04-01,105
2013-04-02,105
2013-04-03,105
2013-04-04,105
2013-04-05,105
2013-04-06,105
2013-04-07,105
2013-04-08,105
2013-04-09,105
2013-04-10,105
2013-04-11,105
2013-04-12,105
2013-04-13,105
2013-04-14,105
2013-04-15,105
2013-04-16,105
2013-04-17,105
2013-04-18,105
2013-04-19,105
2013-04-20,105
2013-04-21,105
2013-04-22,105
2013-04-23,105
2013-04-24,105
2013-04-25,105
2013-04-26,105
2013-04-27,105
2013-04-28,105
2013-04-29,105
2013-04-30,105
2013-05-01,113
2013-05-02,113
2013-05-03,113
2013-05-04,113
2013-05-05,113
2013-05-06,113
2013-05-07,113
2013-05-08,113
2013-05-09,113
2013-05-10,113
2013-05-11,113
2013-05-12,113
2013-05-13,113
2013-05-14,113
2013-05-15,113
2013-05-16,113
2013-05-17,113
2013-05-18,114
2013-05-19,114
2013-05-20,114
2013-05-21,114
2013-05-22,114
2013-05-23,114
2013-05-24,114
2013-05-25,114
2013-05-26,114
2013-05-27,114
2013-05-28,114
2013-05-29,114
2013-05-30,114
2013-05-31,114
2013-06-01,118
2013-06-02,118
2013-06-03,118
2013-06-04,118
2013-06-05,118
2013-06-06,118
2013-06-07,118
2013-06-08,118
2013-06-09,118
2013-06-10,118
2013-06-11,118
2013-06-12,118
2013-06-13,118
2013-06-14,118
2013-06-15,118
2013-06-16,118
2013-06-17,118
2013-06-18,118
2013-06-19,118
2013-06-20,118
2013-06-21,118
2013-06-22,118
2013-06-23,118
2013-06-24,118
2013-06-25,118
2013-06-26,118
2013-06-27,118
2013-06-28,118
2013-06-29,118
2013-06-30,118
2013-07-01,123
2013-07-02,123
2013-07-03,123
2013-07-04,123
2013-07-05,123
2013-07-06,123
2013-07-07,123
2013-07-08,123
2013-07-09,123
2013-07-10,123
2013-07-11,123
2013-07-12,123
2013-07-13,123
2013-07-14,123
2013-07-15,123
2013-07-16,123
2013-07-17,123
2013-07-18,123
2013-07-19,123
2013-07-20,123
2013-07-21,123
2013-07-22,123
2013-07-23,123
2013-07-24,123
2013-07-25,123
2013-07-26,123
2013-07-27,123
2013-07-28,123
2013-07-29,123
2013-07-30,123
2013-07-31,123
2013-08-01,128
2013-08-02,128
2013-08-03,128
2013-08-04,128
2013-08-05,128
2013-08-06,128
2013-08-07,128
2013-08-08,128
2013-08-09,128
2013-08-10,128
2013-08-11,128
2013-08-12,128
2013-08-13,128
2013-08-14,128
2013-08-15,128
2013-08-16,128
2013-08-17,128
2013-08-18,128
2013-08-19,128
2013-08-20,128
2013-08-21,128
2013-08-22,128
2013-08-23,128
2013-08-24,128
2013-08-25,128
2013-08-26,128
2013-08-27,128
2013-08-28,128
2013-08-29,128
2013-08-30,128
2013-08-31,128
2013-09-01,136
2013-09-02,136
2013-09-03,136
2013-09-04,136
2013-09-05,136
2013-09-06,136
2013-09-07,136
2013-09-08,136
2013-09-09,136
2013-09-10,136
2013-09-11,136
2013-09-12,136
2013-09-13,136
2013-09-14,136
2013-09-15,136
2013-09-16,136
2013-09-17,136
2013-09-18,136
2013-09-19,136
2013-09-20,136
2013-09-21,136
2013-09-22,136
2013-09-23,136
2013-09-24,136
2013-09-25,136
2013-09-26,136
2013-09-27,136
2013-09-28,136
2013-09-29,136
2013-09-30,136
2013-10-01,140
2013-10-02,140
2013-10-03,140
2013-10-04,140
2013-10-05,140
2013-10-06,140
2013-10-07,140
2013-10-08,140
2013-10-09,140
2013-10-10,140
2013-10-11,140
2013-10-12,140
2013-10-13,140
2013-10-14,140
2013-10-15,140
2013-10-16,140
2013-10-17,140
2013-10-18,140
2013-10-19,140
2013-10-20,140
2013-10-21,140
2013-10-22,140
2013-10-23,140
2013-10-24,140
2013-10-25,140
2013-10-26,140
2013-10-27,140
2013-10-28,140
2013-10-29,140
2013-10-30,140
2013-10-31,140
2013-11-01,142
2013-11-02,142
2013-11-03,142
2013-11-04,142
2013-11-05,142
2013-11-06,142
2013-11-07,142
2013-11-08,142
2013-11-09,142
2013-11-10,142
2013-11-11,142
2013-11-12,142
2013-11-13,142
2013-11-14,142
2013-11-15,142
2013-11-16,142
2013-11-17,142
2013-11-18,142
2013-11-19,142
2013-11-20,142
2013-11-21,142
2013-11-22,142
2013-11-23,142
2013-11-24,142
2013-11-25,142
2013-11-26,142
2013-11-27,143
2013-11-28,143
2013-11-29,143
2013-11-30,143
2013-12-01,151
2013-12-02,151
2013-12-03,151
2013-12-04,151
2013-12-05,151
2013-12-06,151
2013-12-07,151
2013-12-08,151
2013-12-09,151
2013-12-10,151
2013-12-11,151
2013-12-12,151
2013-12-13,151
2013-12-14,151
2013-12-15,151
2013-12-16,151
2013-12-17,151
2013-12-18,151
2013-12-19,151
2013-12-20,151
2013-12-21,151
2013-12-22,151
2013-12-23,151
2013-12-24,151
2013-12-25,151
2013-12-26,151
2013-12-27,151
2013-12-28,152
2013-12-29,152
2013-12-30,152
2013-12-31,152
2014-01-01,152
2014-01-02,152
2014-01-03,152
2014-01-04,152
2014-01-05,152
2014-01-06,152
2014-01-07,152
2014-01-08,152
2014-01-09,152
2014-01-10,152
2014-01-11,152
2014-01-12,152
2014-01-13,152
2014-01-14,152
2014-01-15,152
2014-01-16,152
2014-01-17,152
2014-01-18,152
2014-01-19,152
2014-01-20,152
2014-01-21,152
2014-01-22,152
2014-01-23,152
2014-01-24,152
2014-01-25,152
2014-01-26,152
2014-01-27,152
2014-01-28,152
2014-01-29,152
2014-01-30,152
2014-01-31,152
2014-02-01,155
2014-02-02,155
2014-02-03,155
2014-02-04,155
2014-02-05,155
2014-02-06,155
2014-02-07,155
2014-02-08,155
2014-02-09,155
2014-02-10,155
2014-02-11,155
2014-02-12,155
2014-02-13,155
2014-02-14,155
2014-02-15,155
2014-02-16,155
2014-02-17,155
2014-02-18,155
2014-02-19,155
2014-02-20,155
2014-02-21,155
2014-02-22,156
2014-02-23,156
2014-02-24,156
2014-02-25,156
2014-02-26,156
2014-02-27,156
2014-02-28,156
2014-03-01,159
2014-03-02,159
2014-03-03,159
2014-03-04,159
2014-03-05,159
2014-03-06,159
2014-03-07,159
2014-03-08,159
2014-03-09,159
2014-03-10,159
2014-03-11,159
2014-03-12,159
2014-03-13,159
2014-03-14,159
2014-03-15,159
2014-03-16,159
2014-03-17,159
2014-03-18,159
2014-03-19,159
2014-03-20,159
2014-03-21,159
2014-03-22,159
2014-03-23,159
2014-03-24,159
2014-03-25,159
2014-03-26,159
2014-03-27,159
2014-03-28,159
2014-03-29,159
2014-03-30,159
2014-03-31,159
2014-04-01,159
2014-04-02,159
2014-04-03,159
2014-04-04,159
2014-04-05,159
2014-04-06,160
2014-04-07,160
2014-04-08,160
2014-04-09,160
2014-04-10,160
2014-04-11,160
2014-04-12,160
2014-04-13,160
2014-04-14,160
2014-04-15,160
2014-04-16,160
2014-04-17,160
2014-04-18,160
2014-04-19,160
2014-04-20,160
2014-04-21,160
2014-04-22,160
2014-04-23,160
2014-04-24,160
2014-04-25,160
2014-04-26,160
2014-04-27,160
2014-04-28,160
2014-04-29,160
2014-04-30,160
2014-05-01,169
2014-05-02,169
2014-05-03,169
2014-05-04,169
2014-05-05,169
2014-05-06,169
2014-05-07,169
2014-05-08,169
2014-05-09,170
2014-05-10,170
2014-05-11,170
2014-05-12,170
2014-05-13,170
2014-05-14,170
2014-05-15,170
2014-05-16,170
2014-05-17,170
2014-05-18,170
2014-05-19,170
2014-05-20,170
2014-05-21,170
2014-05-22,170
2014-05-23,170
2014-05-24,170
2014-05-25,170
2014-05-26,170
2014-05-27,171
2014-05-28,172
2014-05-29,172
2014-05-30,172
2014-05-31,172
2014-06-01,179
2014-06-02,179
2014-06-03,179
2014-06-04,179
2014-06-05,179
2014-06-06,179
2014-06-07,179
2014-06-08,179
2014-06-09,179
2014-06-10,179
2014-06-11,179
2014-06-12,179
2014-06-13,179
2014-06-14,179
2014-06-15,179
2014-06-16,179
2014-06-17,179
2014-06-18,179
2014-06-19,179
2014-06-20,179
2014-06-21,179
2014-06-22,179
2014-06-23,179
2014-06-24,179
2014-06-25,179
2014-06-26,179
2014-06-27,179
2014-06-28,179
2014-06-29,179
2014-06-30,179
2014-07-01,189
2014-07-02,189
2014-07-03,189
2014-07-04,189
2014-07-05,189
2014-07-06,189
2014-07-07,189
2014-07-08,189
2014-07-09,189
2014-07-10,189
2014-07-11,189
2014-07-12,189
2014-07-13,189
2014-07-14,189
2014-07-15,189
2014-07-16,189
2014-07-17,189
2014-07-18,189
2014-07-19,189
2014-07-20,189
2014-07-21,189
2014-07-22,189
2014-07-23,189
2014-07-24,189
2014-07-25,189
2014-07-26,189
2014-07-27,189
2014-07-28,189
2014-07-29,189
2014-07-30,189
2014-07-31,190
2014-08-01,199
2014-08-02,199
2014-08-03,199
2014-08-04,199
2014-08-05,199
2014-08-06,199
2014-08-07,199
2014-08-08,199
2014-08-09,200
2014-08-10,200
2014-08-11,200
2014-08-12,200
2014-08-13,200
2014-08-14,200
2014-08-15,200
2014-08-16,201
2014-08-17,201
2014-08-18,201
2014-08-19,201
2014-08-20,201
2014-08-21,201
2014-08-22,201
2014-08-23,201
2014-08-24,201
2014-08-25,201
2014-08-26,201
2014-08-27,201
2014-08-28,201
2014-08-29,201
2014-08-30,201
2014-08-31,201
2014-09-01,211
2014-09-02,211
2014-09-03,211
2014-09-04,211
2014-09-05,211
2014-09-06,211
2014-09-07,211
2014-09-08,211
2014-09-09,211
2014-09-10,211
2014-09-11,211
2014-09-12,211
2014-09-13,211
2014-09-14,211
2014-09-15,211
2014-09-16,211
2014-09-17,211
2014-09-18,211
2014-09-19,211
2014-09-20,211
2014-09-21,211
2014-09-22,211
2014-09-23,211
2014-09-24,211
2014-09-25,211
2014-09-26,211
2014-09-27,211
2014-09-28,211
2014-09-29,211
2014-09-30,212
2014-10-01,218
2014-10-02,218
2014-10-03,218
2014-10-04,218
2014-10-05,218
2014-10-06,218
2014-10-07,218
2014-10-08,218
2014-10-09,218
2014-10-10,218
2014-10-11,218
2014-10-12,218
2014-10-13,218
2014-10-14,218
2014-10-15,218
2014-10-16,218
2014-10-17,218
2014-10-18,218
2014-10-19,218
2014-10-20,218
2014-10-21,218
2014-10-22,218
2014-10-23,218
2014-10-24,218
2014-10-25,218
2014-10-26,218
2014-10-27,218
2014-10-28,218
2014-10-29,218
2014-10-30,218
2014-10-31,218
2014-11-01,224
2014-11-02,224
2014-11-03,224
2014-11-04,224
2014-11-05,224
2014-11-06,224
2014-11-07,224
2014-11-08,224
2014-11-09,224
2014-11-10,224
2014-11-11,224
2014-11-12,224
2014-11-13,225
2014-11-14,225
2014-11-15,226
2014-11-16,226
2014-11-17,226
2014-11-18,226
2014-11-19,226
2014-11-20,226
2014-11-21,226
2014-11-22,226
2014-11-23,226
2014-11-24,226
2014-11-25,226
2014-11-26,226
2014-11-27,226
2014-11-28,226
2014-11-29,227
2014-11-30,228
2014-12-01,240
2014-12-02,240
2014-12-03,240
2014-12-04,240
2014-12-05,240
2014-12-06,240
2014-12-07,240
2014-12-08,240
2014-12-09,240
2014-12-10,241
2014-12-11,242
2014-12-12,243
2014-12-13,243
2014-12-14,243
2014-12-15,243
2014-12-16,243
2014-12-17,244
2014-12-18,244
2014-12-19,244
2014-12-20,244
2014-12-21,244
2014-12-22,245
2014-12-23,245
2014-12-24,245
2014-12-25,245
2014-12-26,245
2014-12-27,245
2014-12-28,245
2014-12-29,245
2014-12-30,245
2014-12-31,245
2015-01-01,249
2015-01-02,249
2015-01-03,249
2015-01-04,249
2015-01-05,249
2015-01-06,249
2015-01-07,249
2015-01-08,249
2015-01-09,249
2015-01-10,249
2015-01-11,249
2015-01-12,249
2015-01-13,249
2015-01-14,249
2015-01-15,249
2015-01-16,249
2015-01-17,249
2015-01-18,249
2015-01-19,249
2015-01-20,249
2015-01-21,249
2015-01-22,249
2015-01-23,249
2015-01-24,249
2015-01-25,249
2015-01-26,249
2015-01-27,249
2015-01-28,249
2015-01-29,249
2015-01-30,249
2015-01-31,249
2015-02-01,249
2015-02-02,249
2015-02-03,249
2015-02-04,249
2015-02-05,249
2015-02-06,249
2015-02-07,249
2015-02-08,249
2015-02-09,249
2015-02-10,249
2015-02-11,249
2015-02-12,249
2015-02-13,249
2015-02-14,249
2015-02-15,249
2015-02-16,249
2015-02-17,249
2015-02-18,249
2015-02-19,250
2015-02-20,250
2015-02-21,250
2015-02-22,250
2015-02-23,250
2015-02-24,250
2015-02-25,250
2015-02-26,250
2015-02-27,250
2015-02-28,250
2015-03-01,255
2015-03-02,255
2015-03-03,255
2015-03-04,255
2015-03-05,255
2015-03-06,255
2015-03-07,255
2015-03-08,255
2015-03-09,255
2015-03-10,256
2015-03-11,256
2015-03-12,256
2015-03-13,256
2015-03-14,256
2015-03-15,256
2015-03-16,256
2015-03-17,256
2015-03-18,256
2015-03-19,256
2015-03-20,256
2015-03-21,256
2015-03-22,256
2015-03-23,256
2015-03-24,256
2015-03-25,256
2015-03-26,256
2015-03-27,256
2015-03-28,256
2015-03-29,256
2015-03-30,256
2015-03-31,256
2015-04-01,262
2015-04-02,262
2015-04-03,262
2015-04-04,262
2015-04-05,263
2015-04-06,263
2015-04-07,263
2015-04-08,263
2015-04-09,263
2015-04-10,263
2015-04-11,263
2015-04-12,263
2015-04-13,263
2015-04-14,263
2015-04-15,263
2015-04-16,263
2015-04-17,263
2015-04-18,263
2015-04-19,263
2015-04-20,263
2015-04-21,263
2015-04-22,263
2015-04-23,263
2015-04-24,263
2015-04-25,263
2015-04-26,263
2015-04-27,263
2015-04-28,263
2015-04-29,263
2015-04-30,263
2015-05-01,276
2015-05-02,276
2015-05-03,276
2015-05-04,276
2015-05-05,276
2015-05-06,276
2015-05-07,276
2015-05-08,276
2015-05-09,276
2015-05-10,276
2015-05-11,276
2015-05-12,276
2015-05-13,276
2015-05-14,276
2015-05-15,276
2015-05-16,276
2015-05-17,276
2015-05-18,276
2015-05-19,277
2015-05-20,277
2015-05-21,277
2015-05-22,277
2015-05-23,277
2015-05-24,278
2015-05-25,278
2015-05-26,278
2015-05-27,278
2015-05-28,278
2015-05-29,278
2015-05-30,278
2015-05-31,278
2015-06-01,296
2015-06-02,296
2015-06-03,296
2015-06-04,296
2015-06-05,296
2015-06-06,296
2015-06-07,296
2015-06-08,296
2015-06-09,296
2015-06-10,296
2015-06-11,296
2015-06-12,296
2015-06-13,296
2015-06-14,296
2015-06-15,296
2015-06-16,296
2015-06-17,296
2015-06-18,296
2015-06-19,296
2015-06-20,296
2015-06-21,296
2015-06-22,296
2015-06-23,296
2015-06-24,296
2015-06-25,296
2015-06-26,296
2015-06-27,296
2015-06-28,296
2015-06-29,296
2015-06-30,296
2015-07-01,313
2015-07-02,313
2015-07-03,313
2015-07-04,313
2015-07-05,313
2015-07-06,313
2015-07-07,313
2015-07-08,313
2015-07-09,313
2015-07-10,313
2015-07-11,313
2015-07-12,313
2015-07-13,313
2015-07-14,313
2015-07-15,313
2015-07-16,313
2015-07-17,313
2015-07-18,313
2015-07-19,313
2015-07-20,313
2015-07-21,313
2015-07-22,313
2015-07-23,313
2015-07-24,313
2015-07-25,313
2015-07-26,313
2015-07-27,313
2015-07-28,313
2015-07-29,313
2015-07-30,313
2015-07-31,313
2015-08-01,329
2015-08-02,329
2015-08-03,329
2015-08-04,329
2015-08-05,329
2015-08-06,329
2015-08-07,329
2015-08-08,329
2015-08-09,329
2015-08-10,329
2015-08-11,329
2015-08-12,329
2015-08-13,329
2015-08-14,329
2015-08-15,329
2015-08-16,329
2015-08-17,329
2015-08-18,329
2015-08-19,329
2015-08-20,329
2015-08-21,329
2015-08-22,329
2015-08-23,329
2015-08-24,329
2015-08-25,329
2015-08-26,329
2015-08-27,329
2015-08-28,329
2015-08-29,329
2015-08-30,329
2015-08-31,329
2015-09-01,339
2015-09-02,339
2015-09-03,339
2015-09-04,339
2015-09-05,339
2015-09-06,339
2015-09-07,339
2015-09-08,339
2015-09-09,339
2015-09-10,339
2015-09-11,339
2015-09-12,339
2015-09-13,339
2015-09-14,339
2015-09-15,339
2015-09-16,339
2015-09-17,339
2015-09-18,339
2015-09-19,339
2015-09-20,339
2015-09-21,339
2015-09-22,339
2015-09-23,339
2015-09-24,339
2015-09-25,339
2015-09-26,339
2015-09-27,339
2015-09-28,339
2015-09-29,339
2015-09-30,339
2015-10-01,353
2015-10-02,353
2015-10-03,353
2015-10-04,353
2015-10-05,353
2015-10-06,353
2015-10-07,353
2015-10-08,353
2015-10-09,353
2015-10-10,353
2015-10-11,353
2015-10-12,353
2015-10-13,353
2015-10-14,353
2015-10-15,353
2015-10-16,353
2015-10-17,353
2015-10-18,353
2015-10-19,353
2015-10-20,353
2015-10-21,353
2015-10-22,353
2015-10-23,353
2015-10-24,353
2015-10-25,353
2015-10-26,353
2015-10-27,353
2015-10-28,353
2015-10-29,353
2015-10-30,353
2015-10-31,353
2015-11-01,365
2015-11-02,365
2015-11-03,365
2015-11-04,365
2015-11-05,365
2015-11-06,365
2015-11-07,365
2015-11-08,365
2015-11-09,365
2015-11-10,365
2015-11-11,365
2015-11-12,365
2015-11-13,365
2015-11-14,365
2015-11-15,365
2015-11-16,365
2015-11-17,365
2015-11-18,365
2015-11-19,365
2015-11-20,365
2015-11-21,365
2015-11-22,365
2015-11-23,365
2015-11-24,365
2015-11-25,365
2015-11-26,365
2015-11-27,365
2015-11-28,365
2015-11-29,365
2015-11-30,365
2015-12-01,383
2015-12-02,383
2015-12-03,383
2015-12-04,383
2015-12-05,383
2015-12-06,383
2015-12-07,383
2015-12-08,383
2015-12-09,383
2015-12-10,383
2015-12-11,383
2015-12-12,383
2015-12-13,383
2015-12-14,383
2015-12-15,383
2015-12-16,383
2015-12-17,383
2015-12-18,383
2015-12-19,383
2015-12-20,383
2015-12-21,383
2015-12-22,383
2015-12-23,383
2015-12-24,383
2015-12-25,383
2015-12-26,383
2015-12-27,383
2015-12-28,383
2015-12-29,383
2015-12-30,383
2015-12-31,383
2016-01-01,390
2016-01-02,390
2016-01-03,390
2016-01-04,390
2016-01-05,390
2016-01-06,390
2016-01-07,390
2016-01-08,390
2016-01-09,390
2016-01-10,390
2016-01-11,390
2016-01-12,390
2016-01-13,390
2016-01-14,390
2016-01-15,390
2016-01-16,390
2016-01-17,390
2016-01-18,390
2016-01-19,390
2016-01-20,390
2016-01-21,390
2016-01-22,390
2016-01-23,390
2016-01-24,390
2016-01-25,390
2016-01-26,390
2016-01-27,390
2016-01-28,390
2016-01-29,390
2016-01-30,390
2016-01-31,390
2016-02-01,397
2016-02-02,397
2016-02-03,397
2016-02-04,397
2016-02-05,397
2016-02-06,397
2016-02-07,397
2016-02-08,397
2016-02-09,397
2016-02-10,397
2016-02-11,397
2016-02-12,397
2016-02-13,397
2016-02-14,397
2016-02-15,397
2016-02-16,397
2016-02-17,397
2016-02-18,397
2016-02-19,397
2016-02-20,397
2016-02-21,397
2016-02-22,397
2016-02-23,397
2016-02-24,397
2016-02-25,397
2016-02-26,397
2016-02-27,397
2016-02-28,397
2016-02-29,397
2016-03-01,403
2016-03-02,403
2016-03-03,403
2016-03-04,403
2016-03-05,403
2016-03-06,403
2016-03-07,403
2016-03-08,403
2016-03-09,403
2016-03-10,403
2016-03-11,403
2016-03-12,403
2016-03-13,403
2016-03-14,403
2016-03-15,403
2016-03-16,403
2016-03-17,403
2016-03-18,403
2016-03-19,403
2016-03-20,403
2016-03-21,403
2016-03-22,403
2016-03-23,403
2016-03-24,403
2016-03-25,403
2016-03-26,403
2016-03-27,403
2016-03-28,403
2016-03-29,403
2016-03-30,403
2016-03-31,403
2016-04-01,415
2016-04-02,415
2016-04-03,415
2016-04-04,415
2016-04-05,415
2016-04-06,415
2016-04-07,415
2016-04-08,415
2016-04-09,415
2016-04-10,415
2016-04-11,415
2016-04-12,415
2016-04-13,415
2016-04-14,415
2016-04-15,415
2016-04-16,415
2016-04-17,415
2016-04-18,415
2016-04-19,415
2016-04-20,415
2016-04-21,415
2016-04-22,415
2016-04-23,415
2016-04-24,415
2016-04-25,415
2016-04-26,415
2016-04-27,415
2016-04-28,415
2016-04-29,415
2016-04-30,415
2016-05-01,427
2016-05-02,427
2016-05-03,427
2016-05-04,427
2016-05-05,427
2016-05-06,427
2016-05-07,427
2016-05-08,427
2016-05-09,427
2016-05-10,427
2016-05-11,427
2016-05-12,427
2016-05-13,427
2016-05-14,427
2016-05-15,427
2016-05-16,427
2016-05-17,427
2016-05-18,427
2016-05-19,427
2016-05-20,427
2016-05-21,427
2016-05-22,427
2016-05-23,427
2016-05-24,427
2016-05-25,427
2016-05-26,427
2016-05-27,427
2016-05-28,427
2016-05-29,427
2016-05-30,427
2016-05-31,427
2016-06-01,440
2016-06-02,440
2016-06-03,440
2016-06-04,440
2016-06-05,440
2016-06-06,440
2016-06-07,440
2016-06-08,440
2016-06-09,440
2016-06-10,440
2016-06-11,440
2016-06-12,440
2016-06-13,440
2016-06-14,440
2016-06-15,440
2016-06-16,440
2016-06-17,440
2016-06-18,440
2016-06-19,440
2016-06-20,440
2016-06-21,440
2016-06-22,440
2016-06-23,440
2016-06-24,440
2016-06-25,440
2016-06-26,440
2016-06-27,440
2016-06-28,440
2016-06-29,440
2016-06-30,440
2016-07-01,453
2016-07-02,453
2016-07-03,453
2016-07-04,453
2016-07-05,453
2016-07-06,453
2016-07-07,453
2016-07-08,453
2016-07-09,453
2016-07-10,453
2016-07-11,453
2016-07-12,453
2016-07-13,453
2016-07-14,453
2016-07-15,453
2016-07-16,453
2016-07-17,453
2016-07-18,453
2016-07-19,453
2016-07-20,453
2016-07-21,453
2016-07-22,453
2016-07-23,453
2016-07-24,453
2016-07-25,453
2016-07-26,453
2016-07-27,453
2016-07-28,453
2016-07-29,453
2016-07-30,453
2016-07-31,453
2016-08-01,457
2016-08-02,457
2016-08-03,457
2016-08-04,457
2016-08-05,457
2016-08-06,457
2016-08-07,457
2016-08-08,457
2016-08-09,457
2016-08-10,457
2016-08-11,457
2016-08-12,457
2016-08-13,457
2016-08-14,457
2016-08-15,457
2016-08-16,457
2016-08-17,457
2016-08-18,457
2016-08-19,457
2016-08-20,457
2016-08-21,457
2016-08-22,457
2016-08-23,457
2016-08-24,457
2016-08-25,457
2016-08-26,457
2016-08-27,457
2016-08-28,457
2016-08-29,457
2016-08-30,457
2016-08-31,457
2016-09-01,465
2016-09-02,465
2016-09-03,465
2016-09-04,465
2016-09-05,465
2016-09-06,465
2016-09-07,465
2016-09-08,465
2016-09-09,465
2016-09-10,465
2016-09-11,465
2016-09-12,465
2016-09-13,465
2016-09-14,465
2016-09-15,465
2016-09-16,465
2016-09-17,465
2016-09-18,465
2016-09-19,465
2016-09-20,465
2016-09-21,465
2016-09-22,465
2016-09-23,465
2016-09-24,465
2016-09-25,465
2016-09-26,465
2016-09-27,465
2016-09-28,465
2016-09-29,465
2016-09-30,465
2016-10-01,465
2016-10-02,465
2016-10-03,465
2016-10-04,465
2016-10-05,465
2016-10-06,465
2016-10-07,465
2016-10-08,465
2016-10-09,465
2016-10-10,465
2016-10-11,465
2016-10-12,465
2016-10-13,465
2016-10-14,465
2016-10-15,465
2016-10-16,465
2016-10-17,465
2016-10-18,465
2016-10-19,465
2016-10-20,465
2016-10-21,465
2016-10-22,465
2016-10-23,465
2016-10-24,465
2016-10-25,465
2016-10-26,465
2016-10-27,465
2016-10-28,465
2016-10-29,465
2016-10-30,465
2016-10-31,465
2016-11-01,470
2016-11-02,470
2016-11-03,470
2016-11-04,470
2016-11-05,470
2016-11-06,470
2016-11-07,470
2016-11-08,470
2016-11-09,470
2016-11-10,470
2016-11-11,470
2016-11-12,470
2016-11-13,470
2016-11-14,470
2016-11-15,470
2016-11-16,470
2016-11-17,470
2016-11-18,470
2016-11-19,470
2016-11-20,470
2016-11-21,470
2016-11-22,470
2016-11-23,470
2016-11-24,470
2016-11-25,470
2016-11-26,470
2016-11-27,470
2016-11-28,470
2016-11-29,470
2016-11-30,470
2016-12-01,473
2016-12-02,473
2016-12-03,473
2016-12-04,473
2016-12-05,473
2016-12-06,473
2016-12-07,473
2016-12-08,473
2016-12-09,473
2016-12-10,473
2016-12-11,473
2016-12-12,473
2016-12-13,473
2016-12-14,473
2016-12-15,473
2016-12-16,473
2016-12-17,473
2016-12-18,473
2016-12-19,473
2016-12-20,473
2016-12-21,473
2016-12-22,473
2016-12-23,473
2016-12-24,473
2016-12-25,473
2016-12-26,473
2016-12-27,473
2016-12-28,473
2016-12-29,473
2016-12-30,473
2016-12-31,473
2017-01-01,475
2017-01-02,475
2017-01-03,475
2017-01-04,475
2017-01-05,475
2017-01-06,475
2017-01-07,475
2017-01-08,475
2017-01-09,475
2017-01-10,475
2017-01-11,475
2017-01-12,475
2017-01-13,475
2017-01-14,475
2017-01-15,475
2017-01-16,475
2017-01-17,475
2017-01-18,475
2017-01-19,475
2017-01-20,475
2017-01-21,475
2017-01-22,475
2017-01-23,475
2017-01-24,475
2017-01-25,475
2017-01-26,475
2017-01-27,475
2017-01-28,475
2017-01-29,475
2017-01-30,475
2017-01-31,475
2017-02-01,475
2017-02-02,475
2017-02-03,475
2017-02-04,475
2017-02-05,475
2017-02-06,475
2017-02-07,475
2017-02-08,475
2017-02-09,475
2017-02-10,475
2017-02-11,475
2017-02-12,475
2017-02-13,475
2017-02-14,475
2017-02-15,475
2017-02-16,475
2017-02-17,475
2017-02-18,475
2017-02-19,475
2017-02-20,475
2017-02-21,475
2017-02-22,475
2017-02-23,475
2017-02-24,475
2017-02-25,475
2017-02-26,475
2017-02-27,475
2017-02-28,475
2017-03-01,478
2017-03-02,478
2017-03-03,478
2017-03-04,478
2017-03-05,478
2017-03-06,478
2017-03-07,478
2017-03-08,478
2017-03-09,478
2017-03-10,478
2017-03-11,478
2017-03-12,478
2017-03-13,478
2017-03-14,478
2017-03-15,478
2017-03-16,478
2017-03-17,478
2017-03-18,478
2017-03-19,478
2017-03-20,478
2017-03-21,478
2017-03-22,478
2017-03-23,478
2017-03-24,478
2017-03-25,478
2017-03-26,478
2017-03-27,478
2017-03-28,478
2017-03-29,478
2017-03-30,478
2017-03-31,478
2017-04-01,480
2017-04-02,480
2017-04-03,480
2017-04-04,480
2017-04-05,480
2017-04-06,480
2017-04-07,480
2017-04-08,480
2017-04-09,480
2017-04-10,480
2017-04-11,480
2017-04-12,480
2017-04-13,480
2017-04-14,480
2017-04-15,480
2017-04-16,480
2017-04-17,480
2017-04-18,480
2017-04-19,480
2017-04-20,480
2017-04-21,480
2017-04-22,480
2017-04-23,480
2017-04-24,480
2017-04-25,480
2017-04-26,480
2017-04-27,480
2017-04-28,480
2017-04-29,480
2017-04-30,480
2017-05-01,484
2017-05-02,484
2017-05-03,484
2017-05-04,484
2017-05-05,484
2017-05-06,484
2017-05-07,484
2017-05-08,484
2017-05-09,484
2017-05-10,484
2017-05-11,484
2017-05-12,484
2017-05-13,484
2017-05-14,484
2017-05-15,484
2017-05-16,484
2017-05-17,484
2017-05-18,484
2017-05-19,484
2017-05-20,484
2017-05-21,484
2017-05-22,484
2017-05-23,484
2017-05-24,484
2017-05-25,484
2017-05-26,484
2017-05-27,484
2017-05-28,484
2017-05-29,484
2017-05-30,484
2017-05-31,484
2017-06-01,486
2017-06-02,486
2017-06-03,486
2017-06-04,486
2017-06-05,486
2017-06-06,486
2017-06-07,486
2017-06-08,486
2017-06-09,486
2017-06-10,486
2017-06-11,486
2017-06-12,486
2017-06-13,486
2017-06-14,486
2017-06-15,486
2017-06-16,486
2017-06-17,486
2017-06-18,486
2017-06-19,486
2017-06-20,486
2017-06-21,486
2017-06-22,486
2017-06-23,486
2017-06-24,486
2017-06-25,486
2017-06-26,486
2017-06-27,486
2017-06-28,486
2017-06-29,486
2017-06-30,486
2017-07-01,488
2017-07-02,488
2017-07-03,488
2017-07-04,488
2017-07-05,488
2017-07-06,488
2017-07-07,488
2017-07-08,488
2017-07-09,488
2017-07-10,488
2017-07-11,488
2017-07-12,488
2017-07-13,488
2017-07-14,488
2017-07-15,488
2017-07-16,488
2017-07-17,488
2017-07-18,488
2017-07-19,488
2017-07-20,488
2017-07-21,488
2017-07-22,488
2017-07-23,488
2017-07-24,488
2017-07-25,488
2017-07-26,488
2017-07-27,488
2017-07-28,488
2017-07-29,488
2017-07-30,488
2017-07-31,488
2017-08-01,489
2017-08-02,489
2017-08-03,489
2017-08-04,489
2017-08-05,489
2017-08-06,489
2017-08-07,489
2017-08-08,489
2017-08-09,489
2017-08-10,489
2017-08-11,489
2017-08-12,489
2017-08-13,489
2017-08-14,489
2017-08-15,489
2017-08-16,489
2017-08-17,489
2017-08-18,489
2017-08-19,489
2017-08-20,489
2017-08-21,489
2017-08-22,489
2017-08-23,489
2017-08-24,489
2017-08-25,489
2017-08-26,489
2017-08-27,489
2017-08-28,489
2017-08-29,489
2017-08-30,489
2017-08-31,489
2017-09-01,490
2017-09-02,490
2017-09-03,490
2017-09-04,490
2017-09-05,490
2017-09-06,490
2017-09-07,490
2017-09-08,490
2017-09-09,490
2017-09-10,490
2017-09-11,490
2017-09-12,490
2017-09-13,490
2017-09-14,490
2017-09-15,490
2017-09-16,490
2017-09-17,490
2017-09-18,490
2017-09-19,490
2017-09-20,490
2017-09-21,490
2017-09-22,490
2017-09-23,490
2017-09-24,490
2017-09-25,490
2017-09-26,490
2017-09-27,490
2017-09-28,490
2017-09-29,490
2017-09-30,490
2017-10-01,492
2017-10-02,492
2017-10-03,492
2017-10-04,492
2017-10-05,492
2017-10-06,492
2017-10-07,492
2017-10-08,492
2017-10-09,492
2017-10-10,492
2017-10-11,492
2017-10-12,492
2017-10-13,492
2017-10-14,492
2017-10-15,492
2017-10-16,492
2017-10-17,492
2017-10-18,492
2017-10-19,492
2017-10-20,492
2017-10-21,492
2017-10-22,492
2017-10-23,492
2017-10-24,492
2017-10-25,492
2017-10-26,492
2017-10-27,492
2017-10-28,492
2017-10-29,492
2017-10-30,492
2017-10-31,492
2017-11-01,493
2017-11-02,493
2017-11-03,493
2017-11-04,493
2017-11-05,493
2017-11-06,493
2017-11-07,493
2017-11-08,493
2017-11-09,493
2017-11-10,493
2017-11-11,493
2017-11-12,493
2017-11-13,493
2017-11-14,493
2017-11-15,493
2017-11-16,493
2017-11-17,493
2017-11-18,493
2017-11-19,493
2017-11-20,493
2017-11-21,493
2017-11-22,493
2017-11-23,493
2017-11-24,493
2017-11-25,493
2017-11-26,493
2017-11-27,493
2017-11-28,493
2017-11-29,493
2017-11-30,493
2017-12-01,502
2017-12-02,502
2017-12-03,502
2017-12-04,502
2017-12-05,502
2017-12-06,502
2017-12-07,502
2017-12-08,502
2017-12-09,502
2017-12-10,502
2017-12-11,502
2017-12-12,502
2017-12-13,502
2017-12-14,502
2017-12-15,502
2017-12-16,502
2017-12-17,502
2017-12-18,502
2017-12-19,502
2017-12-20,502
2017-12-21,502
2017-12-22,502
2017-12-23,502
2017-12-24,502
2017-12-25,502
2017-12-26,502
2017-12-27,502
2017-12-28,502
2017-12-29,502
2017-12-30,502
2017-12-31,502
2018-01-01,502
2018-01-02,502
2018-01-03,502
2018-01-04,502
2018-01-05,502
2018-01-06,502
2018-01-07,502
2018-01-08,502
2018-01-09,502
2018-01-10,502
2018-01-11,502
2018-01-12,502
2018-01-13,502
2018-01-14,502
2018-01-15,502
2018-01-16,502
2018-01-17,502
2018-01-18,502
2018-01-19,502
2018-01-20,502
2018-01-21,502
2018-01-22,502
2018-01-23,502
2018-01-24,502
2018-01-25,502
2018-01-26,502
2018-01-27,502
2018-01-28,502
2018-01-29,502
2018-01-30,502
2018-01-31,502
2018-02-01,504
2018-02-02,504
2018-02-03,504
2018-02-04,504
2018-02-05,504
2018-02-06,504
2018-02-07,504
2018-02-08,504
2018-02-09,504
2018-02-10,504
2018-02-11,504
2018-02-12,504
2018-02-13,504
2018-02-14,504
2018-02-15,504
2018-02-16,504
2018-02-17,504
2018-02-18,504
2018-02-19,504
2018-02-20,504
2018-02-21,504
2018-02-22,504
2018-02-23,504
2018-02-24,504
2018-02-25,504
2018-02-26,504
2018-02-27,504
2018-02-28,504
2018-03-01,506
2018-03-02,506
2018-03-03,506
2018-03-04,506
2018-03-05,506
2018-03-06,506
2018-03-07,506
2018-03-08,506
2018-03-09,506
2018-03-10,506
2018-03-11,506
2018-03-12,506
2018-03-13,506
2018-03-14,506
2018-03-15,506
2018-03-16,506
2018-03-17,506
2018-03-18,506
2018-03-19,506
2018-03-20,506
2018-03-21,506
2018-03-22,506
2018-03-23,506
2018-03-24,506
2018-03-25,506
2018-03-26,506
2018-03-27,506
2018-03-28,506
2018-03-29,506
2018-03-30,506
2018-03-31,506
2018-04-01,511
2018-04-02,511
2018-04-03,511
2018-04-04,511
2018-04-05,511
2018-04-06,511
2018-04-07,511
2018-04-08,511
2018-04-09,511
2018-04-10,511
2018-04-11,511
2018-04-12,511
2018-04-13,511
2018-04-14,511
2018-04-15,511
2018-04-16,511
2018-04-17,511
2018-04-18,511
2018-04-19,511
2018-04-20,511
2018-04-21,511
2018-04-22,511
2018-04-23,511
2018-04-24,511
2018-04-25,511
2018-04-26,511
2018-04-27,511
2018-04-28,511
2018-04-29,511
2018-04-30,511
2018-05-01,516
2018-05-02,516
2018-05-03,516
2018-05-04,516
2018-05-05,516
2018-05-06,516
2018-05-07,516
2018-05-08,516
2018-05-09,516
2018-05-10,516
2018-05-11,516
2018-05-12,516
2018-05-13,516
2018-05-14,516
2018-05-15,516
2018-05-16,516
2018-05-17,516
2018-05-18,516
2018-05-19,516
2018-05-20,516
2018-05-21,516
2018-05-22,516
2018-05-23,516
2018-05-24,516
2018-05-25,516
2018-05-26,516
2018-05-27,516
2018-05-28,516
2018-05-29,516
2018-05-30,516
2018-05-31,516
2018-06-01,523
2018-06-02,523
2018-06-03,523
2018-06-04,523
2018-06-05,523
2018-06-06,523
2018-06-07,523
2018-06-08,523
2018-06-09,523
2018-06-10,523
2018-06-11,523
2018-06-12,523
2018-06-13,523
2018-06-14,523
2018-06-15,523
2018-06-16,523
2018-06-17,523
2018-06-18,523
2018-06-19,523
2018-06-20,523
2018-06-21,523
2018-06-22,523
2018-06-23,523
2018-06-24,523
2018-06-25,523
2018-06-26,523
2018-06-27,523
2018-06-28,523
2018-06-29,523
2018-06-30,523
2018-07-01,530
2018-07-02,530
2018-07-03,530
2018-07-04,530
2018-07-05,530
2018-07-06,530
2018-07-07,530
2018-07-08,530
2018-07-09,530
2018-07-10,530
2018-07-11,530
2018-07-12,530
2018-07-13,530
2018-07-14,530
2018-07-15,530
2018-07-16,530
2018-07-17,530
2018-07-18,530
2018-07-19,530
2018-07-20,530
2018-07-21,530
2018-07-22,530
2018-07-23,530
2018-07-24,530
2018-07-25,530
2018-07-26,530
2018-07-27,530
2018-07-28,530
2018-07-29,530
2018-07-30,530
2018-07-31,530
2018-08-01,540
2018-08-02,540
2018-08-03,540
2018-08-04,540
2018-08-05,540
2018-08-06,540
2018-08-07,540
2018-08-08,540
2018-08-09,540
2018-08-10,540
2018-08-11,540
2018-08-12,540
2018-08-13,540
2018-08-14,540
2018-08-15,540
2018-08-16,540
2018-08-17,540
2018-08-18,540
2018-08-19,540
2018-08-20,540
2018-08-21,540
2018-08-22,540
2018-08-23,540
2018-08-24,540
2018-08-25,540
2018-08-26,540
2018-08-27,540
2018-08-28,540
2018-08-29,540
2018-08-30,540
2018-08-31,540
2018-09-01,544
2018-09-02,544
2018-09-03,544
2018-09-04,544
2018-09-05,544
2018-09-06,544
2018-09-07,544
2018-09-08,544
2018-09-09,544
2018-09-10,544
2018-09-11,544
2018-09-12,544
2018-09-13,544
2018-09-14,544
2018-09-15,544
2018-09-16,544
2018-09-17,544
2018-09-18,544
2018-09-19,544
2018-09-20,544
2018-09-21,544
2018-09-22,544
2018-09-23,544
2018-09-24,544
2018-09-25,544
2018-09-26,544
2018-09-27,544
2018-09-28,544
2018-09-29,544
2018-09-30,544
2018-10-01,550
2018-10-02,550
2018-10-03,550
2018-10-04,550
2018-10-05,550
2018-10-06,550
2018-10-07,550
2018-10-08,550
2018-10-09,550
2018-10-10,550
2018-10-11,550
2018-10-12,550
2018-10-13,550
2018-10-14,550
2018-10-15,550
2018-10-16,550
2018-10-17,550
2018-10-18,550
2018-10-19,550
2018-10-20,550
2018-10-21,550
2018-10-22,550
2018-10-23,550
2018-10-24,550
2018-10-25,550
2018-10-26,550
2018-10-27,550
2018-10-28,550
2018-10-29,550
2018-10-30,550
2018-10-31,550
2018-11-01,560
2018-11-02,560
2018-11-03,560
2018-11-04,560
2018-11-05,560
2018-11-06,560
2018-11-07,560
2018-11-08,560
2018-11-09,560
2018-11-10,560
2018-11-11,560
2018-11-12,560
2018-11-13,560
2018-11-14,560
2018-11-15,560
2018-11-16,560
2018-11-17,560
2018-11-18,560
2018-11-19,560
2018-11-20,560
2018-11-21,560
2018-11-22,560
2018-11-23,560
2018-11-24,560
2018-11-25,560
2018-11-26,560
2018-11-27,560
2018-11-28,560
2018-11-29,560
2018-11-30,560
2018-12-01,569
2018-12-02,569
2018-12-03,569
2018-12-04,569
2018-12-05,569
2018-12-06,569
2018-12-07,569
2018-12-08,569
2018-12-09,569
2018-12-10,569
2018-12-11,569
2018-12-12,569
2018-12-13,569
2018-12-14,569
2018-12-15,569
2018-12-16,569
2018-12-17,569
2018-12-18,569
2018-12-19,569
2018-12-20,569
2018-12-21,569
2018-12-22,569
2018-12-23,569
2018-12-24,569
2018-12-25,569
2018-12-26,569
2018-12-27,569
2018-12-28,569
2018-12-29,569
2018-12-30,569
2018-12-31,569
2019-01-01,574
2019-01-02,574
2019-01-03,574
2019-01-04,574
2019-01-05,574
2019-01-06,574
2019-01-07,574
2019-01-08,574
2019-01-09,574
2019-01-10,574
2019-01-11,574
2019-01-12,574
2019-01-13,574
2019-01-14,574
2019-01-15,574
2019-01-16,574
2019-01-17,574
2019-01-18,574
2019-01-19,574
2019-01-20,574
2019-01-21,574
2019-01-22,574
2019-01-23,574
2019-01-24,574
2019-01-25,574
2019-01-26,574
2019-01-27,574
2019-01-28,574
2019-01-29,574
2019-01-30,574
2019-01-31,574
2019-02-01,575
2019-02-02,575
2019-02-03,575
2019-02-04,575
2019-02-05,575
2019-02-06,575
2019-02-07,575
2019-02-08,575
2019-02-09,575
2019-02-10,575
2019-02-11,575
2019-02-12,575
2019-02-13,575
2019-02-14,575
2019-02-15,575
2019-02-16,575
2019-02-17,575
2019-02-18,575
2019-02-19,575
2019-02-20,575
2019-02-21,575
2019-02-22,575
2019-02-23,575
2019-02-24,575
2019-02-25,575
2019-02-26,575
2019-02-27,575
2019-02-28,575
2019-03-01,578
2019-03-02,578
2019-03-03,578
2019-03-04,578
2019-03-05,578
2019-03-06,578
2019-03-07,578
2019-03-08,578
2019-03-09,578
2019-03-10,578
2019-03-11,578
2019-03-12,578
2019-03-13,578
2019-03-14,578
2019-03-15,578
2019-03-16,578
2019-03-17,578
2019-03-18,578
2019-03-19,578
2019-03-20,578
2019-03-21,578
2019-03-22,578
2019-03-23,578
2019-03-24,578
2019-03-25,578
2019-03-26,578
2019-03-27,578
2019-03-28,578
2019-03-29,578
2019-03-30,578
2019-03-31,578
2019-04-01,581
2019-04-02,581
2019-04-03,581
2019-04-04,581
2019-04-05,581
2019-04-06,581
2019-04-07,581
2019-04-08,581
2019-04-09,581
2019-04-10,581
2019-04-11,581
2019-04-12,581
2019-04-13,581
2019-04-14,581
2019-04-15,581
2019-04-16,581
2019-04-17,581
2019-04-18,581
2019-04-19,581
2019-04-20,581
2019-04-21,581
2019-04-22,581
2019-04-23,581
2019-04-24,581
2019-04-25,581
2019-04-26,581
2019-04-27,581
2019-04-28,581
2019-04-29,581
2019-04-30,581
2019-05-01,587
2019-05-02,587
2019-05-03,587
2019-05-04,587
2019-05-05,587
2019-05-06,587
2019-05-07,587
2019-05-08,587
2019-05-09,587
2019-05-10,587
2019-05-11,587
2019-05-12,587
2019-05-13,587
2019-05-14,587
2019-05-15,587
2019-05-16,587
2019-05-17,587
2019-05-18,587
2019-05-19,587
2019-05-20,587
2019-05-21,587
2019-05-22,587
2019-05-23,587
2019-05-24,587
2019-05-25,587
2019-05-26,587
2019-05-27,587
2019-05-28,587
2019-05-29,587
2019-05-30,587
2019-05-31,587
2019-06-01,593
2019-06-02,593
2019-06-03,593
2019-06-04,593
2019-06-05,593
2019-06-06,593
2019-06-07,593
2019-06-08,593
2019-06-09,593
2019-06-10,593
2019-06-11,593
2019-06-12,593
2019-06-13,593
2019-06-14,593
2019-06-15,593
2019-06-16,593
2019-06-17,593
2019-06-18,593
2019-06-19,593
2019-06-20,593
2019-06-21,593
2019-06-22,593
2019-06-23,593
2019-06-24,593
2019-06-25,593
2019-06-26,593
2019-06-27,593
2019-06-28,593
2019-06-29,593
2019-06-30,593
2019-07-01,602
2019-07-02,602
2019-07-03,602
2019-07-04,602
2019-07-05,602
2019-07-06,602
2019-07-07,602
2019-07-08,602
2019-07-09,602
2019-07-10,602
2019-07-11,602
2019-07-12,602
2019-07-13,602
2019-07-14,602
2019-07-15,602
2019-07-16,602
2019-07-17,602
2019-07-18,602
2019-07-19,602
2019-07-20,602
2019-07-21,602
2019-07-22,602
2019-07-23,602
2019-07-24,602
2019-07-25,602
2019-07-26,602
2019-07-27,602
2019-07-28,602
2019-07-29,602
2019-07-30,602
2019-07-31,602
2019-08-01,608
2019-08-02,608
2019-08-03,608
2019-08-04,608
2019-08-05,608
2019-08-06,608
2019-08-07,608
2019-08-08,608
2019-08-09,608
2019-08-10,608
2019-08-11,608
2019-08-12,608
2019-08-13,608
2019-08-14,608
2019-08-15,608
2019-08-16,608
2019-08-17,608
2019-08-18,608
2019-08-19,608
2019-08-20,608
2019-08-21,608
2019-08-22,608
2019-08-23,608
2019-08-24,608
2019-08-25,608
2019-08-26,608
2019-08-27,608
2019-08-28,608
2019-08-29,608
2019-08-30,608
2019-08-31,608
2019-09-01,612
2019-09-02,612
2019-09-03,612
2019-09-04,612
2019-09-05,612
2019-09-06,612
2019-09-07,612
2019-09-08,612
2019-09-09,612
2019-09-10,612
2019-09-11,612
2019-09-12,612
2019-09-13,612
2019-09-14,612
2019-09-15,612
2019-09-16,612
2019-09-17,612
2019-09-18,612
2019-09-19,612
2019-09-20,612
2019-09-21,612
2019-09-22,612
2019-09-23,612
2019-09-24,612
2019-09-25,612
2019-09-26,612
2019-09-27,612
2019-09-28,612
2019-09-29,612
2019-09-30,612
2019-10-01,617
2019-10-02,617
2019-10-03,617
2019-10-04,617
2019-10-05,617
2019-10-06,617
2019-10-07,617
2019-10-08,617
2019-10-09,617
2019-10-10,617
2019-10-11,617
2019-10-12,617
2019-10-13,617
2019-10-14,617
2019-10-15,617
2019-10-16,617
2019-10-17,617
2019-10-18,617
2019-10-19,617
2019-10-20,617
2019-10-21,617
2019-10-22,617
2019-10-23,617
2019-10-24,617
2019-10-25,617
2019-10-26,617
2019-10-27,617
2019-10-28,617
2019-10-29,617
2019-10-30,617
2019-10-31,617
2019-11-01,621
2019-11-02,621
2019-11-03,621
2019-11-04,621
2019-11-05,621
2019-11-06,621
2019-11-07,621
2019-11-08,621
2019-11-09,621
2019-11-10,621
2019-11-11,621
2019-11-12,621
2019-11-13,621
2019-11-14,621
2019-11-15,621
2019-11-16,621
2019-11-17,621
2019-11-18,621
2019-11-19,621
2019-11-20,621
2019-11-21,621
2019-11-22,621
2019-11-23,621
2019-11-24,621
2019-11-25,621
2019-11-26,621
2019-11-27,621
2019-11-28,621
2019-11-29,621
2019-11-30,621
2019-12-01,628
2019-12-02,628
2019-12-03,628
2019-12-04,628
2019-12-05,628
2019-12-06,628
2019-12-07,628
2019-12-08,628
2019-12-09,628
2019-12-10,628
2019-12-11,628
2019-12-12,628
2019-12-13,628
2019-12-14,628
2019-12-15,628
2019-12-16,628
2019-12-17,628
2019-12-18,628
2019-12-19,628
2019-12-20,628
2019-12-21,628
2019-12-22,628
2019-12-23,628
2019-12-24,628
2019-12-25,628
2019-12-26,628
2019-12-27,628
2019-12-28,628
2019-12-29,628
2019-12-30,628
2019-12-31,628
2020-01-01,628
2020-01-02,628
2020-01-03,628
2020-01-04,628
2020-01-05,628
2020-01-06,628
2020-01-07,628
2020-01-08,628
2020-01-09,628
2020-01-10,628
2020-01-11,628
2020-01-12,628
2020-01-13,628
2020-01-14,628
2020-01-15,628
2020-01-16,628
2020-01-17,628
2020-01-18,628
2020-01-19,628
2020-01-20,628
2020-01-21,628
2020-01-22,628
2020-01-23,628
2020-01-24,628
2020-01-25,628
2020-01-26,628
2020-01-27,628
2020-01-28,628
2020-01-29,628
2020-01-30,628
2020-01-31,628
2020-02-01,631
2020-02-02,631
2020-02-03,631
2020-02-04,631
2020-02-05,631
2020-02-06,631
2020-02-07,631
2020-02-08,631
2020-02-09,631
2020-02-10,631
2020-02-11,631
2020-02-12,631
2020-02-13,631
2020-02-14,631
2020-02-15,631
2020-02-16,631
2020-02-17,631
2020-02-18,631
2020-02-19,631
2020-02-20,631
2020-02-21,631
2020-02-22,631
2020-02-23,631
2020-02-24,631
2020-02-25,631
2020-02-26,631
2020-02-27,631
2020-02-28,631
2020-02-29,631
2020-03-01,633
2020-03-02,633
2020-03-03,633
2020-03-04,633
2020-03-05,633
2020-03-06,633
2020-03-07,633
2020-03-08,633
2020-03-09,633
2020-03-10,633
2020-03-11,633
2020-03-12,633
2020-03-13,633
2020-03-14,633
2020-03-15,633
2020-03-16,633
2020-03-17,633
2020-03-18,633
2020-03-19,633
2020-03-20,633
2020-03-21,633
2020-03-22,633
2020-03-23,633
2020-03-24,633
2020-03-25,633
2020-03-26,633
2020-03-27,633
2020-03-28,633
2020-03-29,633
2020-03-30,633
2020-03-31,633
2020-04-01,633
2020-04-02,633
2020-04-03,633
2020-04-04,633
2020-04-05,633
2020-04-06,633
2020-04-07,633
2020-04-08,633
2020-04-09,633
2020-04-10,633
2020-04-11,633
2020-04-12,633
2020-04-13,633
2020-04-14,633
2020-04-15,633
2020-04-16,633
2020-04-17,633
2020-04-18,633
2020-04-19,633
2020-04-20,633
2020-04-21,633
2020-04-22,633
2020-04-23,633
2020-04-24,633
2020-04-25,633
2020-04-26,633
2020-04-27,633
2020-04-28,633
2020-04-29,633
2020-04-30,633
2020-05-01,633
2020-05-02,633
2020-05-03,633
2020-05-04,633
2020-05-05,633
2020-05-06,633
2020-05-07,633
2020-05-08,633
2020-05-09,633
2020-05-10,633
2020-05-11,633
2020-05-12,633
2020-05-13,633
2020-05-14,633
2020-05-15,633
2020-05-16,633
2020-05-17,633
2020-05-18,633
2020-05-19,633
2020-05-20,633
2020-05-21,633
2020-05-22,633
2020-05-23,633
2020-05-24,633
2020-05-25,633
2020-05-26,633
2020-05-27,633
2020-05-28,633
2020-05-29,633
2020-05-30,633
2020-05-31,633
2020-06-01,634
2020-06-02,634
2020-06-03,634
2020-06-04,634
2020-06-05,634
2020-06-06,634
2020-06-07,634
2020-06-08,634
2020-06-09,634
2020-06-10,634
2020-06-11,634
2020-06-12,634
2020-06-13,634
2020-06-14,634
2020-06-15,634
2020-06-16,634
2020-06-17,634
2020-06-18,634
2020-06-19,634
2020-06-20,634
2020-06-21,634
2020-06-22,634
2020-06-23,634
2020-06-24,634
2020-06-25,634
2020-06-26,634
2020-06-27,634
2020-06-28,634
2020-06-29,634
2020-06-30,634
2020-07-01,634
2020-07-02,634
2020-07-03,634
2020-07-04,634
2020-07-05,634
2020-07-06,634
2020-07-07,634
2020-07-08,634
2020-07-09,634
2020-07-10,634
2020-07-11,634
2020-07-12,634
2020-07-13,634
2020-07-14,634
2020-07-15,634
2020-07-16,634
2020-07-17,634
2020-07-18,634
2020-07-19,634
2020-07-20,634
2020-07-21,634
2020-07-22,634
2020-07-23,634
2020-07-24,634
2020-07-25,634
2020-07-26,634
2020-07-27,634
2020-07-28,634
2020-07-29,634
2020-07-30,634
2020-07-31,634
2020-08-01,635
2020-08-02,635
2020-08-03,635
2020-08-04,635
2020-08-05,635
2020-08-06,635
2020-08-07,635
2020-08-08,635
2020-08-09,635
2020-08-10,635
2020-08-11,635
2020-08-12,635
2020-08-13,635
2020-08-14,635
2020-08-15,635
2020-08-16,635
2020-08-17,635
2020-08-18,635
2020-08-19,635
2020-08-20,635
2020-08-21,635
2020-08-22,635
2020-08-23,635
2020-08-24,635
2020-08-25,635
2020-08-26,635
2020-08-27,635
2020-08-28,635
2020-08-29,635
2020-08-30,635
2020-08-31,635
2020-09-01,635
2020-09-02,635
2020-09-03,635
2020-09-04,635
2020-09-05,635
2020-09-06,635
2020-09-07,635
2020-09-08,635
2020-09-09,635
2020-09-10,635
2020-09-11,635
2020-09-12,635
2020-09-13,635
2020-09-14,635
2020-09-15,635
2020-09-16,635
2020-09-17,635
2020-09-18,635
2020-09-19,635
2020-09-20,635
2020-09-21,635
2020-09-22,635
2020-09-23,635
2020-09-24,635
2020-09-25,635
2020-09-26,635
2020-09-27,635
2020-09-28,635
2020-09-29,635
2020-09-30,635
2020-10-01,635
2020-10-02,635
2020-10-03,635
2020-10-04,635
2020-10-05,635
2020-10-06,635
2020-10-07,635
2020-10-08,635
2020-10-09,635
2020-10-10,635
2020-10-11,635
2020-10-12,635
2020-10-13,635
2020-10-14,635
2020-10-15,635
2020-10-16,635
2020-10-17,635
2020-10-18,635
2020-10-19,635
2020-10-20,635
2020-10-21,635
2020-10-22,635
2020-10-23,635
2020-10-24,635
2020-10-25,635
2020-10-26,635
2020-10-27,635
2020-10-28,635
2020-10-29,635
2020-10-30,635
2020-10-31,635
2020-11-01,636
2020-11-02,636
2020-11-03,636
2020-11-04,636
2020-11-05,636
2020-11-06,636
2020-11-07,636
2020-11-08,636
2020-11-09,636
2020-11-10,636
2020-11-11,636
2020-11-12,636
2020-11-13,636
2020-11-14,636
2020-11-15,636
2020-11-16,636
2020-11-17,636
2020-11-18,636
2020-11-19,636
2020-11-20,636
2020-11-21,636
2020-11-22,636
2020-11-23,636
2020-11-24,636
2020-11-25,636
2020-11-26,636
2020-11-27,636
2020-11-28,636
2020-11-29,636
2020-11-30,636
2020-12-01,636
2020-12-02,636
2020-12-03,636
2020-12-04,636
2020-12-05,636
2020-12-06,636
2020-12-07,636
2020-12-08,636
2020-12-09,636
2020-12-10,636
2020-12-11,636
2020-12-12,636
2020-12-13,636
2020-12-14,636
2020-12-15,636
2020-12-16,636
2020-12-17,636
2020-12-18,636
2020-12-19,636
2020-12-20,636
2020-12-21,636
2020-12-22,636
2020-12-23,636
2020-12-24,636
2020-12-25,636
2020-12-26,636
2020-12-27,636
2020-12-28,636
2020-12-29,636
2020-12-30,636
2020-12-31,636
2021-01-01,636
2021-01-02,636
2021-01-03,636
2021-01-04,636
2021-01-05,636
2021-01-06,636
2021-01-07,636
2021-01-08,636
2021-01-09,636
2021-01-10,636
2021-01-11,636
2021-01-12,636
2021-01-13,636
2021-01-14,636
2021-01-15,636
2021-01-16,636
2021-01-17,636
2021-01-18,636
2021-01-19,636
2021-01-20,636
2021-01-21,636
2021-01-22,636
2021-01-23,636
2021-01-24,636
2021-01-25,636
2021-01-26,636
2021-01-27,636
2021-01-28,636
2021-01-29,636
2021-01-30,636
2021-01-31,636
2021-02-01,637
2021-02-02,637
2021-02-03,637
2021-02-04,637
2021-02-05,637
2021-02-06,637
2021-02-07,637
2021-02-08,637
2021-02-09,637
2021-02-10,637
2021-02-11,637
2021-02-12,637
2021-02-13,637
2021-02-14,637
2021-02-15,637
2021-02-16,637
2021-02-17,637
2021-02-18,637
2021-02-19,637
2021-02-20,637
2021-02-21,637
2021-02-22,637
2021-02-23,637
2021-02-24,637
2021-02-25,637
2021-02-26,637
2021-02-27,637
2021-02-28,637
2021-03-01,638
2021-03-02,638
2021-03-03,638
2021-03-04,638
2021-03-05,638
2021-03-06,638
2021-03-07,638
2021-03-08,638
2021-03-09,638
2021-03-10,638
2021-03-11,638
2021-03-12,638
2021-03-13,638
2021-03-14,638
2021-03-15,638
2021-03-16,638
2021-03-17,638
2021-03-18,638
2021-03-19,638
2021-03-20,638
2021-03-21,638
2021-03-22,638
2021-03-23,638
2021-03-24,638
2021-03-25,638
2021-03-26,638
2021-03-27,638
2021-03-28,638
2021-03-29,638
2021-03-30,638
2021-03-31,638
2021-04-01,640
2021-04-02,640
2021-04-03,640
2021-04-04,640
2021-04-05,640
2021-04-06,640
2021-04-07,640
2021-04-08,640
2021-04-09,640
2021-04-10,640
2021-04-11,640
2021-04-12,640
2021-04-13,640
2021-04-14,640
2021-04-15,640
2021-04-16,640
2021-04-17,640
2021-04-18,640
2021-04-19,640
2021-04-20,640
2021-04-21,640
2021-04-22,640
2021-04-23,640
2021-04-24,640
2021-04-25,640
2021-04-26,640
2021-04-27,640
2021-04-28,640
2021-04-29,640
2021-04-30,640
2021-05-01,642
2021-05-02,642
2021-05-03,642
2021-05-04,642
2021-05-05,642
2021-05-06,642
2021-05-07,642
2021-05-08,642
2021-05-09,642
2021-05-10,642
2021-05-11,642
2021-05-12,642
2021-05-13,642
2021-05-14,642
2021-05-15,642
2021-05-16,642
2021-05-17,642
2021-05-18,642
2021-05-19,642
2021-05-20,642
2021-05-21,642
2021-05-22,642
2021-05-23,642
2021-05-24,642
2021-05-25,642
2021-05-26,642
2021-05-27,642
2021-05-28,642
2021-05-29,642
2021-05-30,642
2021-05-31,642
2021-06-01,642
2021-06-02,642
2021-06-03,642
2021-06-04,642
2021-06-05,642
2021-06-06,642
2021-06-07,642
2021-06-08,642
2021-06-09,642
2021-06-10,642
2021-06-11,642
2021-06-12,642
2021-06-13,642
2021-06-14,642
2021-06-15,642
2021-06-16,642
2021-06-17,642
2021-06-18,642
2021-06-19,642
2021-06-20,642
2021-06-21,642
2021-06-22,642
2021-06-23,642
2021-06-24,642
2021-06-25,642
2021-06-26,642
2021-06-27,642
2021-06-28,642
2021-06-29,642
2021-06-30,642
2021-07-01,644
2021-07-02,644
2021-07-03,644
2021-07-04,644
2021-07-05,644
2021-07-06,644
2021-07-07,644
2021-07-08,644
2021-07-09,644
2021-07-10,644
2021-07-11,644
2021-07-12,644
2021-07-13,644
2021-07-14,644
2021-07-15,644
2021-07-16,644
2021-07-17,644
2021-07-18,644
2021-07-19,644
2021-07-20,644
2021-07-21,644
2021-07-22,644
2021-07-23,644
2021-07-24,644
2021-07-25,644
2021-07-26,644
2021-07-27,644
2021-07-28,644
2021-07-29,644
2021-07-30,644
2021-07-31,644
2021-08-01,645
2021-08-02,645
2021-08-03,645
2021-08-04,645
2021-08-05,645
2021-08-06,645
2021-08-07,645
2021-08-08,645
2021-08-09,645
2021-08-10,645
2021-08-11,645
2021-08-12,645
2021-08-13,645
2021-08-14,645
2021-08-15,645
2021-08-16,645
2021-08-17,645
2021-08-18,645
2021-08-19,645
2021-08-20,645
2021-08-21,645
2021-08-22,645
2021-08-23,645
2021-08-24,645
2021-08-25,645
2021-08-26,645
2021-08-27,645
2021-08-28,645
2021-08-29,645
2021-08-30,645
2021-08-31,645
2021-09-01,646
2021-09-02,646
2021-09-03,646
2021-09-04,646
2021-09-05,646
2021-09-06,646
2021-09-07,646
2021-09-08,646
2021-09-09,646
2021-09-10,646
2021-09-11,646
2021-09-12,646
2021-09-13,646
2021-09-14,646
2021-09-15,646
2021-09-16,646
2021-09-17,646
2021-09-18,646
2021-09-19,646
2021-09-20,646
2021-09-21,646
2021-09-22,646
2021-09-23,646
2021-09-24,646
2021-09-25,646
2021-09-26,646
2021-09-27,646
2021-09-28,646
2021-09-29,646
2021-09-30,646
2021-10-01,647
2021-10-02,647
2021-10-03,647
2021-10-04,647
2021-10-05,647
2021-10-06,647
2021-10-07,647
2021-10-08,647
2021-10-09,647
2021-10-10,647
2021-10-11,647
2021-10-12,647
2021-10-13,647
2021-10-14,647
2021-10-15,647
2021-10-16,647
2021-10-17,647
2021-10-18,647
2021-10-19,647
2021-10-20,647
2021-10-21,647
2021-10-22,647
2021-10-23,647
2021-10-24,647
2021-10-25,647
2021-10-26,647
2021-10-27,647
2021-10-28,647
2021-10-29,647
2021-10-30,647
2021-10-31,647
2021-11-01,648
2021-11-02,648
2021-11-03,648
2021-11-04,648
2021-11-05,648
2021-11-06,648
2021-11-07,648
2021-11-08,648
2021-11-09,648
2021-11-10,648
2021-11-11,648
2021-11-12,648
2021-11-13,648
2021-11-14,648
2021-11-15,648
2021-11-16,648
2021-11-17,648
2021-11-18,648
2021-11-19,648
2021-11-20,648
2021-11-21,648
2021-11-22,648
2021-11-23,648
2021-11-24,648
2021-11-25,648
2021-11-26,648
2021-11-27,648
2021-11-28,648
2021-11-29,648
2021-11-30,648
2021-12-01,648
2021-12-02,648
2021-12-03,648
2021-12-04,648
2021-12-05,648
2021-12-06,648
2021-12-07,648
2021-12-08,648
2021-12-09,648
2021-12-10,648
2021-12-11,648
2021-12-12,648
2021-12-13,648
2021-12-14,648
2021-12-15,648
2021-12-16,648
2021-12-17,648
2021-12-18,648
2021-12-19,648
2021-12-20,648
2021-12-21,648
2021-12-22,648
2021-12-23,648
2021-12-24,648
2021-12-25,648
2021-12-26,648
2021-12-27,648
2021-12-28,648
2021-12-29,648
2021-12-30,648
2021-12-31,648
2022-01-01,649
2022-01-02,649
2022-01-03,649
2022-01-04,649
2022-01-05,649
2022-01-06,649
2022-01-07,649
2022-01-08,649
2022-01-09,649
2022-01-10,649
2022-01-11,649
2022-01-12,649
2022-01-13,649
2022-01-14,649
2022-01-15,649
2022-01-16,649
2022-01-17,649
2022-01-18,649
2022-01-19,649
2022-01-20,649
2022-01-21,649
2022-01-22,649
2022-01-23,649
2022-01-24,649
2022-01-25,649
2022-01-26,649
2022-01-27,649
2022-01-28,649
2022-01-29,649
2022-01-30,649
2022-01-31,649
2022-02-01,649
2022-02-02,649
2022-02-03,649
2022-02-04,649
2022-02-05,649
2022-02-06,649
2022-02-07,649
2022-02-08,649
2022-02-09,649
2022-02-10,649
2022-02-11,649
2022-02-12,649
2022-02-13,649
2022-02-14,649
2022-02-15,649
2022-02-16,649
2022-02-17,649
2022-02-18,649
2022-02-19,649
2022-02-20,649
2022-02-21,649
2022-02-22,649
2022-02-23,649
2022-02-24,649
2022-02-25,649
2022-02-26,649
2022-02-27,649
2022-02-28,649
2022-03-01,649
2022-03-02,649
2022-03-03,649
2022-03-04,649
2022-03-05,649
2022-03-06,649
2022-03-07,649
2022-03-08,649
2022-03-09,649
2022-03-10,649
2022-03-11,649
2022-03-12,649
2022-03-13,649
2022-03-14,649
2022-03-15,649
2022-03-16,649
2022-03-17,649
2022-03-18,649
2022-03-19,649
2022-03-20,649
2022-03-21,649
2022-03-22,649
2022-03-23,649
2022-03-24,649
2022-03-25,649
2022-03-26,649
2022-03-27,649
2022-03-28,649
2022-03-29,649
2022-03-30,649
2022-03-31,649
2022-04-01,649
2022-04-02,649
2022-04-03,649
2022-04-04,649
2022-04-05,649
2022-04-06,649
2022-04-07,649
2022-04-08,649
2022-04-09,649
2022-04-10,649
2022-04-11,649
2022-04-12,649
2022-04-13,649
2022-04-14,649
2022-04-15,649
2022-04-16,649
2022-04-17,649
2022-04-18,649
2022-04-19,649
2022-04-20,649
2022-04-21,649
2022-04-22,649
2022-04-23,649
2022-04-24,649
2022-04-25,649
2022-04-26,649
2022-04-27,649
2022-04-28,649
2022-04-29,649
2022-04-30,649
2022-05-01,649
2022-05-02,649
2022-05-03,649
2022-05-04,649
2022-05-05,649
2022-05-06,649
2022-05-07,649
2022-05-08,649
2022-05-09,649
2022-05-10,649
2022-05-11,649
2022-05-12,649
2022-05-13,649
2022-05-14,649
2022-05-15,649
2022-05-16,649
2022-05-17,649
2022-05-18,649
2022-05-19,649
2022-05-20,649
2022-05-21,649
2022-05-22,649
2022-05-23,649
2022-05-24,649
2022-05-25,649
2022-05-26,649
2022-05-27,649
2022-05-28,649
2022-05-29,649
2022-05-30,649
2022-05-31,649
2022-06-01,650
2022-06-02,650
2022-06-03,650
2022-06-04,650
2022-06-05,650
2022-06-06,650
2022-06-07,650
2022-06-08,650
2022-06-09,650
2022-06-10,650
2022-06-11,650
2022-06-12,650
2022-06-13,650
2022-06-14,650
2022-06-15,650
2022-06-16,650
2022-06-17,650
2022-06-18,650
2022-06-19,650
2022-06-20,650
2022-06-21,650
2022-06-22,650
2022-06-23,650
2022-06-24,650
2022-06-25,650
2022-06-26,650
2022-06-27,650
2022-06-28,650
2022-06-29,650
2022-06-30,650
2022-07-01,650
2022-07-02,650
2022-07-03,650
2022-07-04,650
2022-07-05,650
2022-07-06,650
2022-07-07,650
2022-07-08,650
2022-07-09,650
2022-07-10,650
2022-07-11,650
2022-07-12,650
2022-07-13,650
2022-07-14,650
2022-07-15,650
2022-07-16,650
2022-07-17,650
2022-07-18,650
2022-07-19,650
2022-07-20,650
2022-07-21,650
2022-07-22,650
2022-07-23,650
2022-07-24,650
2022-07-25,650
2022-07-26,650
2022-07-27,650
2022-07-28,650
2022-07-29,650
2022-07-30,650
2022-07-31,650
2022-08-01,651
2022-08-02,651
2022-08-03,651
2022-08-04,651
2022-08-05,651
2022-08-06,651
2022-08-07,651
2022-08-08,651
2022-08-09,651
2022-08-10,651
2022-08-11,651
2022-08-12,651
2022-08-13,651
2022-08-14,651
2022-08-15,651
2022-08-16,651
2022-08-17,651
2022-08-18,651
2022-08-19,651
2022-08-20,651
2022-08-21,651
2022-08-22,651
2022-08-23,651
2022-08-24,651
2022-08-25,651
2022-08-26,651
2022-08-27,651
2022-08-28,651
2022-08-29,651
2022-08-30,651
2022-08-31,651
2022-09-01,652
2022-09-02,652
2022-09-03,652
2022-09-04,652
2022-09-05,652
2022-09-06,652
2022-09-07,652
2022-09-08,652
2022-09-09,652
2022-09-10,652
2022-09-11,652
2022-09-12,652
2022-09-13,652
2022-09-14,652
2022-09-15,652
2022-09-16,652
2022-09-17,652
2022-09-18,652
2022-09-19,652
2022-09-20,652
2022-09-21,652
2022-09-22,652
2022-09-23,652
2022-09-24,652
2022-09-25,652
2022-09-26,652
2022-09-27,652
2022-09-28,652
2022-09-29,652
2022-09-30,652
2022-10-01,652
2022-10-02,652
2022-10-03,652
2022-10-04,652
2022-10-05,652
2022-10-06,652
2022-10-07,652
2022-10-08,652
2022-10-09,652
2022-10-10,652
2022-10-11,652
2022-10-12,652
2022-10-13,652
2022-10-14,652
2022-10-15,652
2022-10-16,652
2022-10-17,652
2022-10-18,652
2022-10-19,652
2022-10-20,652
2022-10-21,652
2022-10-22,652
2022-10-23,652
2022-10-24,652
2022-10-25,652
2022-10-26,652
2022-10-27,652
2022-10-28,652
2022-10-29,652
2022-10-30,652
2022-10-31,652
2022-11-01,652
2022-11-02,652
2022-11-03,652
2022-11-04,652
2022-11-05,652
2022-11-06,652
2022-11-07,652
2022-11-08,652
2022-11-09,652
2022-11-10,652
2022-11-11,652
2022-11-12,652
2022-11-13,652
2022-11-14,652
2022-11-15,652
2022-11-16,652
2022-11-17,652
2022-11-18,652
2022-11-19,652
2022-11-20,652
2022-11-21,652
2022-11-22,652
2022-11-23,652
2022-11-24,652
2022-11-25,652
2022-11-26,652
2022-11-27,652
2022-11-28,652
2022-11-29,652
2022-11-30,652
2022-12-01,652
2022-12-02,652
2022-12-03,652
2022-12-04,652
2022-12-05,652
2022-12-06,652
2022-12-07,652
2022-12-08,652
2022-12-09,652
2022-12-10,652
2022-12-11,652
2022-12-12,652
2022-12-13,652
2022-12-14,652
2022-12-15,652
2022-12-16,652
2022-12-17,652
2022-12-18,652
2022-12-19,652
2022-12-20,652
2022-12-21,652
2022-12-22,652
2022-12-23,652
2022-12-24,652
2022-12-25,652
2022-12-26,652
2022-12-27,652
2022-12-28,652
2022-12-29,652
2022-12-30,652
2022-12-31,652
2023-01-01,652
2023-01-02,652
2023-01-03,652
2023-01-04,652
2023-01-05,652
2023-01-06,652
2023-01-07,652
2023-01-08,652
2023-01-09,652
2023-01-10,652
2023-01-11,652
2023-01-12,652
2023-01-13,652
2023-01-14,652
2023-01-15,652
2023-01-16,652
2023-01-17,652
2023-01-18,652
2023-01-19,652
2023-01-20,652
2023-01-21,652
2023-01-22,652
2023-01-23,652
2023-01-24,652
2023-01-25,652
2023-01-26,652
2023-01-27,652
2023-01-28,652
2023-01-29,652
2023-01-30,652
2023-01-31,652
2023-02-01,652
2023-02-02,652
2023-02-03,652
2023-02-04,652
2023-02-05,652
2023-02-06,652
2023-02-07,652
2023-02-08,652
2023-02-09,652
2023-02-10,652
2023-02-11,652
2023-02-12,652
2023-02-13,652
2023-02-14,652
2023-02-15,652
2023-02-16,652
2023-02-17,652
2023-02-18,652
2023-02-19,652
2023-02-20,652
2023-02-21,652
2023-02-22,652
2023-02-23,652
2023-02-24,652
2023-02-25,652
2023-02-26,652
2023-02-27,652
2023-02-28,652
2023-03-01,653
2023-03-02,653
2023-03-03,653
2023-03-04,653
2023-03-05,653
2023-03-06,653
2023-03-07,653
2023-03-08,653
2023-03-09,653
2023-03-10,653
2023-03-11,653
2023-03-12,653
2023-03-13,653
2023-03-14,653
2023-03-15,653
2023-03-16,653
2023-03-17,653
2023-03-18,653
2023-03-19,653
2023-03-20,653
2023-03-21,653
2023-03-22,653
2023-03-23,653
2023-03-24,653
2023-03-25,653
2023-03-26,653
2023-03-27,653
2023-03-28,653
2023-03-29,653
2023-03-30,653
2023-03-31,653
2023-04-01,653
2023-04-02,653
2023-04-03,653
2023-04-04,653
2023-04-05,653
2023-04-06,653
2023-04-07,653
2023-04-08,653
2023-04-09,653
2023-04-10,653
2023-04-11,653
2023-04-12,653
2023-04-13,653
2023-04-14,653
2023-04-15,653
2023-04-16,653
2023-04-17,653
2023-04-18,653
2023-04-19,653
2023-04-20,653
2023-04-21,653
2023-04-22,653
2023-04-23,653
2023-04-24,653
2023-04-25,653
2023-04-26,653
2023-04-27,653
2023-04-28,653
2023-04-29,653
2023-04-30,653
2023-05-01,654
2023-05-02,654
2023-05-03,654
2023-05-04,654
2023-05-05,654
2023-05-06,654
2023-05-07,654
2023-05-08,654
2023-05-09,654
2023-05-10,654
2023-05-11,654
2023-05-12,654
2023-05-13,654
2023-05-14,654
2023-05-15,654
2023-05-16,654
2023-05-17,654
2023-05-18,654
2023-05-19,654
2023-05-20,654
2023-05-21,654
2023-05-22,654
2023-05-23,654
2023-05-24,654
2023-05-25,654
2023-05-26,654
2023-05-27,654
2023-05-28,654
2023-05-29,654
2023-05-30,654
2023-05-31,654
2023-06-01,655
2023-06-02,655
2023-06-03,655
2023-06-04,655
2023-06-05,655
2023-06-06,655
2023-06-07,655
2023-06-08,655
2023-06-09,655
2023-06-10,655
2023-06-11,655
2023-06-12,655
2023-06-13,655
2023-06-14,655
2023-06-15,655
2023-06-16,655
2023-06-17,655
2023-06-18,655
2023-06-19,655
2023-06-20,655
2023-06-21,655
2023-06-22,655
2023-06-23,655
2023-06-24,655
2023-06-25,655
2023-06-26,655
2023-06-27,655
2023-06-28,655
2023-06-29,655
2023-06-30,655
2023-07-01,655
2023-07-02,655
2023-07-03,655
2023-07-04,655
2023-07-05,655
2023-07-06,655
2023-07-07,655
2023-07-08,655
2023-07-09,655
2023-07-10,655
2023-07-11,655
2023-07-12,655
2023-07-13,655
2023-07-14,655
2023-07-15,655
2023-07-16,655
2023-07-17,655
2023-07-18,655
2023-07-19,655
2023-07-20,655
2023-07-21,655
2023-07-22,655
2023-07-23,655
2023-07-24,655
2023-07-25,655
2023-07-26,655
2023-07-27,655
2023-07-28,655
2023-07-29,655
2023-07-30,655
2023-07-31,655
2023-08-01,657
2023-08-02,657
2023-08-03,657
2023-08-04,657
2023-08-05,657
2023-08-06,657
2023-08-07,657
2023-08-08,657
2023-08-09,657
2023-08-10,657
2023-08-11,657
2023-08-12,657
2023-08-13,657
2023-08-14,657
2023-08-15,657
2023-08-16,657
2023-08-17,657
2023-08-18,657
2023-08-19,657
2023-08-20,657
2023-08-21,657
2023-08-22,657
2023-08-23,657
2023-08-24,657
2023-08-25,657
2023-08-26,657
2023-08-27,657
2023-08-28,657
2023-08-29,657
2023-08-30,657
2023-08-31,657
2023-09-01,658
2023-09-02,658
2023-09-03,658
2023-09-04,658
2023-09-05,658
2023-09-06,658
2023-09-07,658
2023-09-08,658
2023-09-09,658
2023-09-10,658
2023-09-11,658
2023-09-12,658
2023-09-13,658
2023-09-14,658
2023-09-15,658
2023-09-16,658
2023-09-17,658
2023-09-18,658
2023-09-19,658
2023-09-20,658
2023-09-21,658
2023-09-22,658
2023-09-23,658
2023-09-24,658
2023-09-25,658
2023-09-26,658
2023-09-27,658
2023-09-28,658
2023-09-29,658
2023-09-30,658
2023-10-01,658
2023-10-02,658
2023-10-03,658
2023-10-04,658
2023-10-05,658
2023-10-06,658
2023-10-07,658
2023-10-08,658
2023-10-09,658
2023-10-10,658
2023-10-11,658
2023-10-12,658
2023-10-13,658
2023-10-14,658
2023-10-15,658
2023-10-16,658
2023-10-17,658
2023-10-18,658
2023-10-19,658
2023-10-20,658
2023-10-21,658
2023-10-22,658
2023-10-23,658
2023-10-24,658
2023-10-25,658
2023-10-26,658
2023-10-27,658
2023-10-28,658
2023-10-29,658
2023-10-30,658
2023-10-31,658
2023-11-01,659
2023-11-02,659
2023-11-03,659
2023-11-04,659
2023-11-05,659
2023-11-06,659
2023-11-07,659
2023-11-08,659
2023-11-09,659
2023-11-10,659
2023-11-11,659
2023-11-12,659
2023-11-13,659
2023-11-14,659
2023-11-15,659
2023-11-16,659
2023-11-17,659
2023-11-18,659
2023-11-19,659
2023-11-20,659
2023-11-21,659
2023-11-22,659
2023-11-23,659
2023-11-24,659
2023-11-25,659
2023-11-26,659
2023-11-27,659
2023-11-28,659
2023-11-29,659
2023-11-30,659
2023-12-01,659
2023-12-02,659
2023-12-03,659
2023-12-04,659
2023-12-05,659
2023-12-06,659
2023-12-07,659
2023-12-08,659
2023-12-09,659
2023-12-10,659
2023-12-11,659
2023-12-12,659
2023-12-13,659
2023-12-14,659
2023-12-15,659
2023-12-16,659
2023-12-17,659
2023-12-18,659
2023-12-19,659
2023-12-20,659
2023-12-21,659
2023-12-22,659
2023-12-23,659
2023-12-24,659
2023-12-25,659
2023-12-26,659
2023-12-27,659
2023-12-28,659
2023-12-29,659
2023-12-30,659
2023-12-31,659
2024-01-01,660
2024-01-02,660
2024-01-03,660
2024-01-04,660
2024-01-05,660
2024-01-06,660
2024-01-07,660
2024-01-08,660
2024-01-09,660
2024-01-10,660
2024-01-11,660
2024-01-12,660
2024-01-13,660
2024-01-14,660
2024-01-15,660
2024-01-16,660
2024-01-17,660
2024-01-18,660
2024-01-19,660
2024-01-20,660
2024-01-21,660
2024-01-22,660
2024-01-23,660
2024-01-24,660
2024-01-25,660
2024-01-26,660
2024-01-27,660
2024-01-28,660
2024-01-29,660
2024-01-30,660
2024-01-31,660
2024-02-01,661
2024-02-02,661
2024-02-03,661
2024-02-04,661
2024-02-05,661
2024-02-06,661
2024-02-07,661
2024-02-08,661
2024-02-09,661
2024-02-10,661
2024-02-11,661
2024-02-12,661
2024-02-13,661
2024-02-14,661
2024-02-15,661
2024-02-16,661
2024-02-17,661
2024-02-18,661
2024-02-19,661
2024-02-20,661
2024-02-21,661
2024-02-22,661
2024-02-23,661
2024-02-24,661
2024-02-25,661
2024-02-26,661
2024-02-27,661
2024-02-28,661
2024-02-29,661
2024-03-01,662
2024-03-02,662
2024-03-03,662
2024-03-04,662
2024-03-05,662
2024-03-06,662
2024-03-07,662
2024-03-08,662
2024-03-09,662
2024-03-10,662
2024-03-11,662
2024-03-12,662
2024-03-13,662
2024-03-14,662
2024-03-15,662
2024-03-16,662
2024-03-17,662
2024-03-18,662
2024-03-19,662
2024-03-20,662
2024-03-21,662
2024-03-22,662
2024-03-23,662
2024-03-24,662
2024-03-25,662
2024-03-26,662
2024-03-27,662
2024-03-28,662
2024-03-29,662
2024-03-30,662
2024-03-31,662
2024-04-01,662
2024-04-02,662
2024-04-03,662
2024-04-04,662
2024-04-05,662
2024-04-06,662
2024-04-07,662
2024-04-08,662
2024-04-09,662
2024-04-10,662
2024-04-11,662
2024-04-12,662
2024-04-13,662
2024-04-14,662
2024-04-15,662
2024-04-16,662
2024-04-17,662
2024-04-18,662
2024-04-19,662
2024-04-20,662
2024-04-21,662
2024-04-22,662
2024-04-23,662
2024-04-24,662
2024-04-25,662
2024-04-26,662
2024-04-27,662
2024-04-28,662
2024-04-29,662
2024-04-30,662
2024-05-01,662
2024-05-02,662
2024-05-03,662
2024-05-04,662
2024-05-05,662
2024-05-06,662
2024-05-07,662
2024-05-08,662
2024-05-09,662
2024-05-10,662
2024-05-11,662
2024-05-12,662
2024-05-13,662
2024-05-14,662
2024-05-15,662
2024-05-16,662
2024-05-17,662
2024-05-18,662
2024-05-19,662
2024-05-20,662
2024-05-21,662
2024-05-22,662
2024-05-23,662
2024-05-24,662
2024-05-25,662
2024-05-26,662
2024-05-27,662
2024-05-28,662
2024-05-29,662
2024-05-30,662
2024-05-31,662
2024-06-01,663
2024-06-02,663
2024-06-03,663
2024-06-04,663
2024-06-05,663
2024-06-06,663
2024-06-07,663
2024-06-08,663
2024-06-09,663
2024-06-10,663
2024-06-11,663
2024-06-12,663
2024-06-13,663
2024-06-14,663
2024-06-15,663
2024-06-16,663
2024-06-17,663
2024-06-18,663
2024-06-19,663
2024-06-20,663
2024-06-21,663
2024-06-22,663
2024-06-23,663
2024-06-24,663
2024-06-25,663
2024-06-26,663
2024-06-27,663
2024-06-28,663
2024-06-29,663
2024-06-30,663
2024-07-01,664
2024-07-02,664
2024-07-03,664
2024-07-04,664
2024-07-05,664
2024-07-06,664
2024-07-07,664
2024-07-08,664
2024-07-09,664
2024-07-10,664
2024-07-11,664
2024-07-12,664
2024-07-13,664
2024-07-14,664
2024-07-15,664
2024-07-16,664
2024-07-17,664
2024-07-18,664
2024-07-19,664
2024-07-20,664
2024-07-21,664
2024-07-22,664
2024-07-23,664
2024-07-24,664
2024-07-25,664
2024-07-26,664
2024-07-27,664
2024-07-28,664
2024-07-29,664
2024-07-30,664
2024-07-31,664
2024-08-01,665
2024-08-02,665
2024-08-03,665
2024-08-04,665
2024-08-05,665
2024-08-06,665
2024-08-07,665
2024-08-08,665
2024-08-09,665
2024-08-10,665
2024-08-11,665
2024-08-12,665
2024-08-13,665
2024-08-14,665
2024-08-15,665
2024-08-16,665
2024-08-17,665
2024-08-18,665
2024-08-19,665
2024-08-20,665
2024-08-21,665
2024-08-22,665
2024-08-23,665
2024-08-24,665
2024-08-25,665
2024-08-26,665
2024-08-27,665
2024-08-28,665
2024-08-29,665
2024-08-30,665
2024-08-31,665
2024-09-01,665
2024-09-02,665
2024-09-03,665
2024-09-04,665
2024-09-05,665
2024-09-06,665
2024-09-07,665
2024-09-08,665
2024-09-09,665
2024-09-10,665
2024-09-11,665
2024-09-12,665
2024-09-13,665
2024-09-14,665
2024-09-15,665
2024-09-16,665
2024-09-17,665
2024-09-18,665
2024-09-19,665
2024-09-20,665
2024-09-21,665
2024-09-22,665
2024-09-23,665
2024-09-24,665
2024-09-25,665
2024-09-26,665
2024-09-27,665
2024-09-28,665
2024-09-29,665
2024-09-30,665
2024-10-01,666
2024-10-02,666
2024-10-03,666
2024-10-04,666
2024-10-05,666
2024-10-06,666
2024-10-07,666
2024-10-08,666
2024-10-09,666
2024-10-10,666
2024-10-11,666
2024-10-12,666
2024-10-13,666
2024-10-14,666
2024-10-15,666
2024-10-16,666
2024-10-17,666
2024-10-18,666
2024-10-19,666
2024-10-20,666
2024-10-21,666
2024-10-22,666
2024-10-23,666
2024-10-24,666
2024-10-25,666
2024-10-26,666
2024-10-27,666
2024-10-28,666
2024-10-29,666
2024-10-30,666
2024-10-31,666
2024-11-01,666
2024-11-02,666
2024-11-03,666
2024-11-04,666
2024-11-05,666
2024-11-06,666
2024-11-07,666
2024-11-08,666
2024-11-09,666
2024-11-10,666
2024-11-11,666
2024-11-12,666
2024-11-13,666
2024-11-14,666
2024-11-15,666
2024-11-16,666
2024-11-17,666
2024-11-18,666
2024-11-19,666
2024-11-20,666
2024-11-21,666
2024-11-22,666
2024-11-23,666
2024-11-24,666
2024-11-25,666
2024-11-26,666
2024-11-27,666
2024-11-28,666
2024-11-29,666
2024-11-30,666
2024-12-01,666
2024-12-02,666
2024-12-03,666
2024-12-04,666
2024-12-05,666
2024-12-06,666
2024-12-07,666
2024-12-08,666
2024-12-09,666
2024-12-10,666
2024-12-11,666
2024-12-12,666
2024-12-13,666
2024-12-14,666
2024-12-15,666
2024-12-16,666
2024-12-17,666
2024-12-18,666
2024-12-19,666
2024-12-20,666
2024-12-21,666
2024-12-22,666
2024-12-23,666
2024-12-24,666
2024-12-25,666
2024-12-26,666
2024-12-27,666
2024-12-28,666
2024-12-29,666
2024-12-30,666
2024-12-31,666
2025-01-01,666
2025-01-02,666
2025-01-03,666
2025-01-04,666
2025-01-05,666
2025-01-06,666
2025-01-07,666
2025-01-08,666
2025-01-09,666
2025-01-10,666
2025-01-11,666
2025-01-12,666
2025-01-13,666
2025-01-14,666
2025-01-15,666
2025-01-16,666
2025-01-17,666
2025-01-18,666
2025-01-19,666
2025-01-20,666
2025-01-21,666
2025-01-22,666
2025-01-23,666
2025-01-24,666
2025-01-25,666
2025-01-26,666
2025-01-27,666
2025-01-28,666
2025-01-29,666
2025-01-30,666
2025-01-31,666
2025-02-01,666
2025-02-02,666
2025-02-03,666
2025-02-04,666
2025-02-05,666
2025-02-06,666
2025-02-07,666
2025-02-08,666
2025-02-09,666
2025-02-10,666
2025-02-11,666
2025-02-12,666
2025-02-13,666
2025-02-14,666
2025-02-15,666
2025-02-16,666
2025-02-17,666
2025-02-18,666
2025-02-19,666
2025-02-20,666
2025-02-21,666
2025-02-22,666
2025-02-23,666
2025-02-24,666
2025-02-25,666
2025-02-26,666
2025-02-27,666
2025-02-28,666
2025-03-01,667
2025-03-02,667
2025-03-03,667
2025-03-04,667
2025-03-05,667
2025-03-06,667
2025-03-07,667
2025-03-08,667
2025-03-09,667
2025-03-10,667
2025-03-11,667
2025-03-12,667
2025-03-13,667
2025-03-14,667
2025-03-15,667
2025-03-16,667
2025-03-17,667
2025-03-18,667
2025-03-19,667
2025-03-20,667
2025-03-21,667
2025-03-22,667
2025-03-23,667
2025-03-24,667
2025-03-25,667
2025-03-26,667
2025-03-27,667
2025-03-28,667
2025-03-29,667
2025-03-30,667
2025-03-31,667
2025-04-01,668
2025-04-02,668
2025-04-03,668
2025-04-04,668
2025-04-05,668
2025-04-06,668
2025-04-07,668
2025-04-08,668
2025-04-09,668
2025-04-10,668
2025-04-11,668
2025-04-12,668
2025-04-13,668
2025-04-14,668
2025-04-15,668
2025-04-16,668
2025-04-17,668
2025-04-18,668
2025-04-19,668
2025-04-20,668
2025-04-21,668
2025-04-22,668
2025-04-23,668
2025-04-24,668
2025-04-25,668
2025-04-26,668
2025-04-27,668
2025-04-28,668
2025-04-29,668
2025-04-30,668
2025-05-01,670
2025-05-02,670
2025-05-03,670
2025-05-04,670
2025-05-05,670
2025-05-06,670
2025-05-07,670
2025-05-08,670
2025-05-09,670
2025-05-10,670
2025-05-11,670
2025-05-12,670
2025-05-13,670
2025-05-14,670
2025-05-15,670
2025-05-16,670
2025-05-17,670
2025-05-18,670
2025-05-19,670
2025-05-20,670
2025-05-21,670
2025-05-22,670
2025-05-23,670
2025-05-24,670
2025-05-25,670
2025-05-26,670
2025-05-27,670
2025-05-28,670
2025-05-29,670
2025-05-30,670
2025-05-31,670
2025-06-01,671
2025-06-02,671
2025-06-03,671
2025-06-04,671
2025-06-05,671
2025-06-06,671
2025-06-07,671
2025-06-08,671
2025-06-09,671
2025-06-10,671
2025-06-11,671
2025-06-12,671
2025-06-13,671
2025-06-14,671
2025-06-15,671
2025-06-16,671
2025-06-17,671
2025-06-18,671
2025-06-19,671
2025-06-20,671
2025-06-21,671
2025-06-22,671
2025-06-23,671
2025-06-24,671
2025-06-25,671
2025-06-26,671
2025-06-27,671
2025-06-28,671
2025-06-29,671
2025-06-30,671
2025-07-01,672
