user_name,n_ratings,n_reviews,n_first_reviews,n_checkins,n_photos,first_review_date,last_review_date,days_active,avg_text_length,reviews_per_day
17sheridans,1,0,1,,,2015-12-01,2015-12-01,1.0,,0.0
1AnnieEliza,1,0,1,,,2017-03-01,2017-03-01,1.0,,0.0
2fridad,1,0,1,,,2017-12-01,2017-12-01,1.0,,0.0
305kerrim,1,0,1,,,2017-01-01,2017-01-01,1.0,,0.0
367tonyc,1,0,1,,,2020-06-01,2020-06-01,1.0,,0.0
919alisah,1,0,1,,,2016-06-01,2016-06-01,1.0,,0.0
9AlexaMPC,1,0,1,,,2015-07-01,2015-07-01,1.0,,0.0
9S3_2P4,1,0,1,,,2013-04-01,2013-04-01,1.0,,0.0
AC11780,1,0,1,,,2013-05-01,2013-05-01,1.0,,0.0
Aakanchie M,1,0,1,,,2015-08-01,2015-08-01,1.0,,0.0
AbhishekNagpal,1,0,1,,,2011-05-01,2011-05-01,1.0,,0.0
Adam P,1,0,1,,,,,,,
Agnieszka G,1,0,1,,,2015-04-01,2015-04-01,1.0,,0.0
Aint_Life_Great,1,0,1,,,2025-05-01,2025-05-01,1.0,,0.0
Alana H,1,0,1,,,,,,,
Albina Y,1,0,1,,,2016-11-01,2016-11-01,1.0,,0.0
Alex,1,0,1,,,2016-02-01,2016-02-01,1.0,,0.0
Alexander K,1,0,1,,,2016-01-01,2016-01-01,1.0,,0.0
Alexandra J L,1,0,1,,,2016-05-01,2016-05-01,1.0,,0.0
Alison,1,0,1,,,2017-04-01,2017-04-01,1.0,,0.0
Allen H,1,0,1,,,2019-08-01,2019-08-01,1.0,,0.0
Allison B,1,0,1,,,2017-06-01,2017-06-01,1.0,,0.0
AllyBeeds,1,0,1,,,2012-05-01,2012-05-01,1.0,,0.0
AlongftTrip,1,0,1,,,2015-07-01,2015-07-01,1.0,,0.0
Am F,1,0,1,,,2016-06-01,2016-06-01,1.0,,0.0
Ambience B,1,0,1,,,2014-03-01,2014-03-01,1.0,,0.0
Amy B,1,0,1,,,2015-06-01,2015-06-01,1.0,,0.0
Anan2012,1,0,1,,,2015-11-01,2015-11-01,1.0,,0.0
Andres72423,1,0,1,,,2019-02-01,2019-02-01,1.0,,0.0
AndyB5542,1,0,1,,,2019-05-01,2019-05-01,1.0,,0.0
Angie F,1,0,1,,,2016-01-01,2016-01-01,1.0,,0.0
Archie,1,0,1,,,2015-07-01,2015-07-01,1.0,,0.0
Arnav Bose,1,0,1,,,2019-12-01,2019-12-01,1.0,,0.0
Ashish B,1,0,1,,,2016-01-01,2016-01-01,1.0,,0.0
Ashwin Jain,1,0,1,,,2014-07-01,2014-07-01,1.0,,0.0
Audpr,1,0,1,,,2019-06-01,2019-06-01,1.0,,0.0
Autumn M,1,0,1,,,2021-07-01,2021-07-01,1.0,,0.0
B T,1,0,1,,,2015-09-01,2015-09-01,1.0,,0.0
BAJ75,1,0,1,,,,,,,
BFAW2,1,0,1,,,2016-07-01,2016-07-01,1.0,,0.0
BHUANG69,1,0,1,,,2021-07-01,2021-07-01,1.0,,0.0
BRBE001,1,0,1,,,2019-05-01,2019-05-01,1.0,,0.0
BagmanNZ,1,0,1,,,2019-10-01,2019-10-01,1.0,,0.0
Bailey_Von_Schnauzer,1,0,1,,,2013-07-01,2013-07-01,1.0,,0.0
Bajoba,1,0,1,,,2013-04-01,2013-04-01,1.0,,0.0
Ballerinacakes,1,0,1,,,2013-12-01,2013-12-01,1.0,,0.0
Ballew0907,1,0,1,,,2019-07-01,2019-07-01,1.0,,0.0
Barbara D,1,0,1,,,2013-07-01,2013-07-01,1.0,,0.0
Barbara Jurck,1,0,1,,,2018-12-01,2018-12-01,1.0,,0.0
BaseballFan5,1,0,1,,,2012-07-01,2012-07-01,1.0,,0.0
Beccavousaime,1,0,1,,,2015-10-01,2015-10-01,1.0,,0.0
Beth P,1,0,1,,,2013-08-01,2013-08-01,1.0,,0.0
BethMorrison6,1,0,1,,,2015-10-01,2015-10-01,1.0,,0.0
Beth_McD05,1,0,1,,,2015-12-01,2015-12-01,1.0,,0.0
Betsy P,1,0,1,,,2017-06-01,2017-06-01,1.0,,0.0
Bettina S,1,0,1,,,2015-11-01,2015-11-01,1.0,,0.0
BigRobUTSA,1,0,1,,,2015-08-01,2015-08-01,1.0,,0.0
BigTimeTravelFamily,1,0,1,,,2016-09-01,2016-09-01,1.0,,0.0
BigWash,1,0,1,,,2014-07-01,2014-07-01,1.0,,0.0
Bill S,1,0,1,,,,,,,
BinMcKin,1,0,1,,,2014-05-01,2014-05-01,1.0,,0.0
Bob F,1,0,1,,,2018-06-01,2018-06-01,1.0,,0.0
Bobette B,1,0,1,,,2018-12-01,2018-12-01,1.0,,0.0
BobnLaurie,1,0,1,,,2025-04-01,2025-04-01,1.0,,0.0
Brent B,1,0,1,,,,,,,
Brian C,1,0,1,,,2013-08-01,2013-08-01,1.0,,0.0
Brocksmama,1,0,1,,,2016-03-01,2016-03-01,1.0,,0.0
Brown_Samantha,1,0,1,,,2015-05-01,2015-05-01,1.0,,0.0
Bryt,1,0,1,,,2020-08-01,2020-08-01,1.0,,0.0
Bstraiton,1,0,1,,,2014-09-01,2014-09-01,1.0,,0.0
Burdett P,2,0,1,,,2015-12-01,2015-12-01,1.0,,0.0
CLEOmeow,1,0,1,,,2013-08-01,2013-08-01,1.0,,0.0
COPhilly,1,0,1,,,,,,,
Callie D,1,0,1,,,2015-03-01,2015-03-01,1.0,,0.0
Cara T,1,0,1,,,,,,,
CarminesRestaurant,1,0,1,,,2016-04-01,2016-04-01,1.0,,0.0
CarolTCK,1,0,1,,,2014-11-01,2014-11-01,1.0,,0.0
Carrie O,1,0,1,,,2012-04-01,2012-04-01,1.0,,0.0
Cathy Benoit P,1,0,1,,,2023-08-01,2023-08-01,1.0,,0.0
Cathy C,1,0,1,,,2016-07-01,2016-07-01,1.0,,0.0
Cdarrett,1,0,1,,,2016-11-01,2016-11-01,1.0,,0.0
Chad D,1,0,1,,,2017-12-01,2017-12-01,1.0,,0.0
Charles G,2,0,1,,,2012-07-01,2017-10-01,1918.0,,0.0
Charles S,1,0,1,,,2023-09-01,2023-09-01,1.0,,0.0
Charmain D,1,0,1,,,2018-08-01,2018-08-01,1.0,,0.0
Chase V,1,0,1,,,2021-05-01,2021-05-01,1.0,,0.0
Chasity17,1,0,1,,,2015-06-01,2015-06-01,1.0,,0.0
Chinue X C,1,0,1,,,2012-10-01,2012-10-01,1.0,,0.0
Christina W,1,0,1,,,2014-07-01,2014-07-01,1.0,,0.0
Christine T,1,0,1,,,2015-08-01,2015-08-01,1.0,,0.0
Christine Varrieur,1,0,1,,,2012-11-01,2012-11-01,1.0,,0.0
ChristusG,1,0,1,,,2019-09-01,2019-09-01,1.0,,0.0
CinWorcs,1,0,1,,,,,,,
Cindy D,1,0,1,,,2014-07-01,2014-07-01,1.0,,0.0
Clarice510,1,0,1,,,2014-08-01,2014-08-01,1.0,,0.0
Claudia E,1,0,1,,,2016-09-01,2016-09-01,1.0,,0.0
Cmorgan,1,0,1,,,2011-05-01,2011-05-01,1.0,,0.0
Craig R,1,0,1,,,,,,,
CullenOCD,1,0,1,,,2013-09-01,2013-09-01,1.0,,0.0
CuriousTravelerRadio,1,0,1,,,2018-04-01,2018-04-01,1.0,,0.0
DEBBY L,1,0,1,,,2013-05-01,2013-05-01,1.0,,0.0
DWYSYWD,1,0,1,,,2018-05-01,2018-05-01,1.0,,0.0
Dame Weis,1,0,1,,,2017-12-01,2017-12-01,1.0,,0.0
Dana K,1,0,1,,,2018-06-01,2018-06-01,1.0,,0.0
DanielHenrysson,1,0,1,,,2014-07-01,2014-07-01,1.0,,0.0
Danielle D,1,0,1,,,,,,,
Db1105,1,0,1,,,,,,,
De Vaughn E,1,0,1,,,,,,,
DeanMurphy2020,1,0,1,,,2015-05-01,2015-05-01,1.0,,0.0
Dean_Amy-2004,1,0,1,,,2021-02-01,2021-02-01,1.0,,0.0
Dee_Dubb_07,1,0,1,,,2014-09-01,2014-09-01,1.0,,0.0
Deed K,1,0,1,,,2015-06-01,2015-06-01,1.0,,0.0
DeetheCSC,1,0,1,,,2014-12-01,2014-12-01,1.0,,0.0
Deihlcrew,1,0,1,,,2015-08-01,2015-08-01,1.0,,0.0
DelbinNunez,1,0,1,,,2016-06-01,2016-06-01,1.0,,0.0
Dennis F,1,0,1,,,,,,,
Denny P,1,0,1,,,2016-01-01,2016-01-01,1.0,,0.0
Derek C,1,0,1,,,,,,,
Diana B,1,0,1,,,2012-06-01,2012-06-01,1.0,,0.0
Dianne W,1,0,1,,,2015-06-01,2015-06-01,1.0,,0.0
DorothyM858,1,0,1,,,2017-09-01,2017-09-01,1.0,,0.0
Dr Simon Stones,1,0,1,,,2020-02-01,2020-02-01,1.0,,0.0
Dream29706,1,0,1,,,2012-05-01,2012-05-01,1.0,,0.0
ELKW,1,0,1,,,2022-08-01,2022-08-01,1.0,,0.0
Eaglepack,1,0,1,,,2014-11-01,2014-11-01,1.0,,0.0
Eco_Travel_Explorer,1,0,1,,,2019-05-01,2019-05-01,1.0,,0.0
EdUrias,1,0,1,,,2011-11-01,2011-11-01,1.0,,0.0
Edward E,1,0,1,,,2012-08-01,2012-08-01,1.0,,0.0
Elisabeth B,2,0,1,,,2018-04-01,2018-10-01,183.0,,0.0
Ellenlyn,1,0,1,,,2018-05-01,2018-05-01,1.0,,0.0
EmJayBV,1,0,1,,,2015-07-01,2015-07-01,1.0,,0.0
Empress215,1,0,1,,,2018-05-01,2018-05-01,1.0,,0.0
Eric B,1,0,1,,,2014-12-01,2014-12-01,1.0,,0.0
Erica,1,0,1,,,2015-05-01,2015-05-01,1.0,,0.0
Erica H,1,0,1,,,2015-05-01,2015-05-01,1.0,,0.0
Erin C,1,0,1,,,2012-04-01,2012-04-01,1.0,,0.0
Erin M,1,0,1,,,2015-08-01,2015-08-01,1.0,,0.0
Erin S,1,0,1,,,2015-06-01,2015-06-01,1.0,,0.0
Eunice H,1,0,1,,,2014-08-01,2014-08-01,1.0,,0.0
FLgal8,1,0,1,,,2011-07-01,2011-07-01,1.0,,0.0
Fahad A,1,0,1,,,2015-12-01,2015-12-01,1.0,,0.0
Farzdude,1,0,1,,,2018-10-01,2018-10-01,1.0,,0.0
FayAshleyS,1,0,1,,,2018-11-01,2018-11-01,1.0,,0.0
Feng L,1,0,1,,,,,,,
Floydova,1,0,1,,,2017-12-01,2017-12-01,1.0,,0.0
FlyyBlkGrl,1,0,1,,,,,,,
FrankandJenn,1,0,1,,,2018-10-01,2018-10-01,1.0,,0.0
Frederick G,1,0,1,,,2015-12-01,2015-12-01,1.0,,0.0
Fun_traveler1380,1,0,1,,,2018-06-01,2018-06-01,1.0,,0.0
GMH153,1,0,1,,,2024-06-01,2024-06-01,1.0,,0.0
Garfieldluvr,1,0,1,,,2017-04-01,2017-04-01,1.0,,0.0
Gautam G,1,0,1,,,2015-09-01,2015-09-01,1.0,,0.0
Gayle M,1,0,1,,,2017-12-01,2017-12-01,1.0,,0.0
Gene H,1,0,1,,,2016-03-01,2016-03-01,1.0,,0.0
George S,2,0,1,,,2013-05-01,2017-05-01,1461.0,,0.0
George W,1,0,1,,,,,,,
George710,1,0,1,,,2016-09-01,2016-09-01,1.0,,0.0
Geraldine L,1,0,1,,,2016-05-01,2016-05-01,1.0,,0.0
Ginas418,1,0,1,,,2019-07-01,2019-07-01,1.0,,0.0
GloriaMary,1,0,1,,,2018-05-01,2018-05-01,1.0,,0.0
GoVols79,1,0,1,,,2024-10-01,2024-10-01,1.0,,0.0
GoingPlacesWanderlust,1,0,1,,,2018-12-01,2018-12-01,1.0,,0.0
Grace G,1,0,1,,,2012-11-01,2012-11-01,1.0,,0.0
Greg,1,0,1,,,2016-04-01,2016-04-01,1.0,,0.0
Greg S,1,0,1,,,2014-11-01,2014-11-01,1.0,,0.0
GrnMtnGirl79,1,0,1,,,2016-09-01,2016-09-01,1.0,,0.0
Gureni L,1,0,1,,,2015-08-01,2015-08-01,1.0,,0.0
H04240,1,0,1,,,2013-07-01,2013-07-01,1.0,,0.0
HMuriel212,1,0,1,,,2016-06-01,2016-06-01,1.0,,0.0
Han L,1,0,1,,,2014-07-01,2014-07-01,1.0,,0.0
Happygoluckyang,1,0,1,,,2019-10-01,2019-10-01,1.0,,0.0
HatesBaggageClaim,1,0,1,,,,,,,
Heather B,1,0,1,,,,,,,
Helena L,1,0,1,,,2017-01-01,2017-01-01,1.0,,0.0
Hendlschorsch,1,0,1,,,2023-05-01,2023-05-01,1.0,,0.0
Hien N,1,0,1,,,2013-05-01,2013-05-01,1.0,,0.0
Holly P,1,0,1,,,2015-12-01,2015-12-01,1.0,,0.0
HowlnBubba,1,0,1,,,2013-11-01,2013-11-01,1.0,,0.0
HpMatias,1,0,1,,,2014-06-01,2014-06-01,1.0,,0.0
I visited this placeðŸ‡ºðŸ‡¸ðŸ‡¬ðŸ‡§ðŸ‡«ðŸ‡·ðŸ‡³ðŸ‡±ðŸ‡¨ðŸ‡­,1,0,1,,,2019-01-01,2019-01-01,1.0,,0.0
ILoveFoodComa,1,0,1,,,2019-05-01,2019-05-01,1.0,,0.0
IRONBLUEEYES,1,0,1,,,2016-07-01,2016-07-01,1.0,,0.0
IanWright_Philly,1,0,1,,,2018-07-01,2018-07-01,1.0,,0.0
Ils8183,1,0,1,,,2015-01-01,2015-01-01,1.0,,0.0
Import R,1,0,1,,,2019-03-01,2019-03-01,1.0,,0.0
Ipsitha,1,0,1,,,2012-01-01,2012-01-01,1.0,,0.0
Irene M,1,0,1,,,2016-07-01,2016-07-01,1.0,,0.0
Iwa1975,1,0,1,,,2014-02-01,2014-02-01,1.0,,0.0
J0hn01,1,0,1,,,2015-11-01,2015-11-01,1.0,,0.0
JackTorranceofPhilly,1,0,1,,,,,,,
Jackie D,1,0,1,,,2019-10-01,2019-10-01,1.0,,0.0
Jake23,1,0,1,,,2016-05-01,2016-05-01,1.0,,0.0
JamaicanChic,1,0,1,,,2014-06-01,2014-06-01,1.0,,0.0
James K,1,0,1,,,2018-07-01,2018-07-01,1.0,,0.0
James P,1,0,1,,,2016-04-01,2016-04-01,1.0,,0.0
JaneS535,1,0,1,,,2012-05-01,2012-05-01,1.0,,0.0
Janet K,1,0,1,,,2017-12-01,2017-12-01,1.0,,0.0
Janny,1,0,1,,,2015-08-01,2015-08-01,1.0,,0.0
Jason C,1,0,1,,,2015-10-01,2015-10-01,1.0,,0.0
Jayantpai,1,0,1,,,2015-09-01,2015-09-01,1.0,,0.0
JcTjr,1,0,1,,,2015-12-01,2015-12-01,1.0,,0.0
Jean-PaulV1000,1,0,1,,,2012-07-01,2012-07-01,1.0,,0.0
JeffBreedlove,1,0,1,,,2021-09-01,2021-09-01,1.0,,0.0
Jennifer S,1,0,1,,,2025-05-01,2025-05-01,1.0,,0.0
JennyMfromSC,1,0,1,,,2011-04-01,2011-04-01,1.0,,0.0
Jerae W,1,0,1,,,2015-07-01,2015-07-01,1.0,,0.0
Jerry_Bagnell,1,0,1,,,2015-12-01,2015-12-01,1.0,,0.0
Jessica C,1,0,1,,,2015-04-01,2015-04-01,1.0,,0.0
Jessica D,1,0,1,,,,,,,
Jhon,1,0,1,,,2016-03-01,2016-03-01,1.0,,0.0
JillB3333,1,0,1,,,2012-09-01,2012-09-01,1.0,,0.0
Jim_Naughton,1,0,1,,,,,,,
Jimmy L,1,0,1,,,2015-10-01,2015-10-01,1.0,,0.0
Jktchorne,1,0,1,,,2021-05-01,2021-05-01,1.0,,0.0
JoanG806,1,0,1,,,2011-12-01,2011-12-01,1.0,,0.0
Joanne E,1,0,1,,,2012-12-01,2012-12-01,1.0,,0.0
Joanne R,1,0,1,,,2019-05-01,2019-05-01,1.0,,0.0
Joe C,1,0,1,,,2018-12-01,2018-12-01,1.0,,0.0
Joe R,1,0,1,,,2019-06-01,2019-06-01,1.0,,0.0
John C,1,0,1,,,2019-12-01,2019-12-01,1.0,,0.0
John V,1,0,1,,,2013-04-01,2013-04-01,1.0,,0.0
Jonathan C.,1,0,1,,,2023-03-01,2023-03-01,1.0,,0.0
Jono L,1,0,1,,,,,,,
Joseph M,1,0,1,,,2016-06-01,2016-06-01,1.0,,0.0
Josh M,1,0,1,,,2014-08-01,2014-08-01,1.0,,0.0
Josh W,1,0,1,,,2013-09-01,2013-09-01,1.0,,0.0
Juanma S,1,0,1,,,2021-04-01,2021-04-01,1.0,,0.0
Judith J,1,0,1,,,2018-11-01,2018-11-01,1.0,,0.0
K W,1,0,1,,,2015-07-01,2015-07-01,1.0,,0.0
KC Gypsy Explorer,2,0,1,,,2019-04-01,2019-06-01,61.0,,0.0
Kaj978,1,0,1,,,2016-06-01,2016-06-01,1.0,,0.0
Kane8181,1,0,1,,,2012-08-01,2012-08-01,1.0,,0.0
Karuna_AE,1,0,1,,,2014-08-01,2014-08-01,1.0,,0.0
Katie C,1,0,1,,,2014-10-01,2014-10-01,1.0,,0.0
Katie M,1,0,1,,,2014-12-01,2014-12-01,1.0,,0.0
Katy C,1,0,1,,,2015-05-01,2015-05-01,1.0,,0.0
KatyTravels,1,0,1,,,,,,,
Keith R,1,0,1,,,2015-07-01,2015-07-01,1.0,,0.0
Kevin D,1,0,1,,,2024-02-01,2024-02-01,1.0,,0.0
Kevin Parsakia,1,0,1,,,2018-10-01,2018-10-01,1.0,,0.0
Keykey570,1,0,1,,,2012-09-01,2012-09-01,1.0,,0.0
KidAwesome,1,0,1,,,2012-11-01,2012-11-01,1.0,,0.0
Kim A,1,0,1,,,2012-09-01,2012-09-01,1.0,,0.0
Kime H,1,0,1,,,2015-08-01,2015-08-01,1.0,,0.0
Kjk,1,0,1,,,2016-09-01,2016-09-01,1.0,,0.0
Kork215,2,0,1,,,2019-01-01,2019-11-01,304.0,,0.0
Kris W,1,0,1,,,2018-08-01,2018-08-01,1.0,,0.0
KristaLeeH,1,0,1,,,2012-02-01,2012-02-01,1.0,,0.0
Kristin H,1,0,1,,,2016-12-01,2016-12-01,1.0,,0.0
Krysti S,1,0,1,,,2015-12-01,2015-12-01,1.0,,0.0
L H,1,0,1,,,2018-06-01,2018-06-01,1.0,,0.0
L V,1,0,1,,,2012-06-01,2012-06-01,1.0,,0.0
LAtoEverywhere,1,0,1,,,2013-07-01,2013-07-01,1.0,,0.0
LW8415,1,0,1,,,2015-07-01,2015-07-01,1.0,,0.0
LalaMags,1,0,1,,,,,,,
Larry B,1,0,1,,,2011-06-01,2011-06-01,1.0,,0.0
Laura B,2,0,1,,,2013-06-01,2016-06-01,1096.0,,0.0
Leaner65,1,0,1,,,2018-12-01,2018-12-01,1.0,,0.0
LeapingL123,1,0,1,,,2016-02-01,2016-02-01,1.0,,0.0
Lee R,2,0,1,,,2013-05-01,2017-12-01,1675.0,,0.0
Linda M,2,0,1,,,2015-05-01,2024-03-01,3227.0,,0.0
Linda S,1,0,1,,,2025-06-01,2025-06-01,1.0,,0.0
Lingyuan_He,1,0,1,,,,,,,
Lisa W,1,0,1,,,2015-07-01,2015-07-01,1.0,,0.0
LittleBirdSoaring,1,0,1,,,2016-02-01,2016-02-01,1.0,,0.0
Looly T,1,0,1,,,2013-07-01,2013-07-01,1.0,,0.0
Lori B.,1,0,1,,,2020-03-01,2020-03-01,1.0,,0.0
Love2Wrestle,1,0,1,,,,,,,
LoveParkLady,1,0,1,,,2011-11-01,2011-11-01,1.0,,0.0
LuAnnS,1,0,1,,,2015-06-01,2015-06-01,1.0,,0.0
LuNabuco,1,0,1,,,2014-08-01,2014-08-01,1.0,,0.0
Lucky Travel Junkie,1,0,1,,,2018-04-01,2018-04-01,1.0,,0.0
Luv2hikejulie,1,0,1,,,2015-09-01,2015-09-01,1.0,,0.0
Lynn B,1,0,1,,,2014-03-01,2014-03-01,1.0,,0.0
M & A 1046,1,0,1,,,2023-08-01,2023-08-01,1.0,,0.0
MARCRISTONELLI,1,0,1,,,2012-10-01,2012-10-01,1.0,,0.0
MBMEsq,1,0,1,,,2012-12-01,2012-12-01,1.0,,0.0
MPJ552,1,0,1,,,2016-03-01,2016-03-01,1.0,,0.0
Ma_2719,1,0,1,,,2015-07-01,2015-07-01,1.0,,0.0
Madga_petee,1,0,1,,,,,,,
Maja M,1,0,1,,,2012-11-01,2012-11-01,1.0,,0.0
Marco Buratti,1,0,1,,,2019-11-01,2019-11-01,1.0,,0.0
Maria EugÃªnia C,1,0,1,,,2014-06-01,2014-06-01,1.0,,0.0
Mark J,1,0,1,,,2015-12-01,2015-12-01,1.0,,0.0
Mark K,1,0,1,,,2018-08-01,2018-08-01,1.0,,0.0
Mark P,1,0,1,,,2019-04-01,2019-04-01,1.0,,0.0
MarkC,1,0,1,,,2015-11-01,2015-11-01,1.0,,0.0
Marsha F,1,0,1,,,2015-06-01,2015-06-01,1.0,,0.0
Marshall M,1,0,1,,,2019-06-01,2019-06-01,1.0,,0.0
Martha B,1,0,1,,,2015-07-01,2015-07-01,1.0,,0.0
Marty Bielicki,1,0,1,,,2019-10-01,2019-10-01,1.0,,0.0
Mary D,1,0,1,,,2013-09-01,2013-09-01,1.0,,0.0
Marypantalones,1,0,1,,,2018-06-01,2018-06-01,1.0,,0.0
Matt P,1,0,1,,,2018-07-01,2018-07-01,1.0,,0.0
Matt Y,1,0,1,,,2018-08-01,2018-08-01,1.0,,0.0
Maxx882,1,0,1,,,2018-07-01,2018-07-01,1.0,,0.0
Meaghan G,1,0,1,,,2019-05-01,2019-05-01,1.0,,0.0
Mec224,1,0,1,,,2012-07-01,2012-07-01,1.0,,0.0
Meg1235,1,0,1,,,2018-09-01,2018-09-01,1.0,,0.0
Megan G,1,0,1,,,2018-11-01,2018-11-01,1.0,,0.0
Mel904,1,0,1,,,2013-12-01,2013-12-01,1.0,,0.0
Melinda1966,1,0,1,,,2017-12-01,2017-12-01,1.0,,0.0
MenthiaC,1,0,1,,,2015-10-01,2015-10-01,1.0,,0.0
MeraKi25,1,0,1,,,2015-08-01,2015-08-01,1.0,,0.0
MiaM,2,0,1,,,2015-08-01,2016-06-01,305.0,,0.0
Michael H,1,0,1,,,2019-12-01,2019-12-01,1.0,,0.0
Michele S,1,0,1,,,2018-02-01,2018-02-01,1.0,,0.0
Michelle G,1,0,1,,,2015-10-01,2015-10-01,1.0,,0.0
Michelle R,1,0,1,,,2014-08-01,2014-08-01,1.0,,0.0
Mike G,1,0,1,,,2016-08-01,2016-08-01,1.0,,0.0
Mike P,1,0,1,,,2014-12-01,2014-12-01,1.0,,0.0
Mike T,1,0,1,,,2012-06-01,2012-06-01,1.0,,0.0
Mike191919,1,0,1,,,2013-04-01,2013-04-01,1.0,,0.0
Milena S,1,0,1,,,2015-11-01,2015-11-01,1.0,,0.0
Milton M,1,0,1,,,2019-11-01,2019-11-01,1.0,,0.0
Missfalso,1,0,1,,,2014-11-01,2014-11-01,1.0,,0.0
Mje12518,1,0,1,,,2019-06-01,2019-06-01,1.0,,0.0
Mohammed_88,1,0,1,,,2015-10-01,2015-10-01,1.0,,0.0
Mohannad L,1,0,1,,,2015-05-01,2015-05-01,1.0,,0.0
MrSaturn64,1,0,1,,,2015-11-01,2015-11-01,1.0,,0.0
MsDrTurtle,1,0,1,,,2015-05-01,2015-05-01,1.0,,0.0
Mustangrockstar,1,0,1,,,,,,,
NETraveler,1,0,1,,,,,,,
NJReveler,1,0,1,,,2014-12-01,2014-12-01,1.0,,0.0
Nancy L,1,0,1,,,2019-12-01,2019-12-01,1.0,,0.0
Nank135,1,0,1,,,2018-11-01,2018-11-01,1.0,,0.0
Natalie D,1,0,1,,,2016-04-01,2016-04-01,1.0,,0.0
Navid W,1,0,1,,,2013-12-01,2013-12-01,1.0,,0.0
NehaAgrawal17,1,0,1,,,2015-09-01,2015-09-01,1.0,,0.0
NeoWasHere,1,0,1,,,2019-04-01,2019-04-01,1.0,,0.0
Netty904,1,0,1,,,2015-08-01,2015-08-01,1.0,,0.0
Nicholas H,1,0,1,,,2015-05-01,2015-05-01,1.0,,0.0
Nicole C,1,0,1,,,2012-11-01,2012-11-01,1.0,,0.0
Nicole R,1,0,1,,,2016-04-01,2016-04-01,1.0,,0.0
Nikos T,1,0,1,,,2018-08-01,2018-08-01,1.0,,0.0
Nina P,1,0,1,,,2018-08-01,2018-08-01,1.0,,0.0
Nitesfury,1,0,1,,,2012-08-01,2012-08-01,1.0,,0.0
Noodlebee,1,0,1,,,2016-04-01,2016-04-01,1.0,,0.0
NyaKar,1,0,1,,,2015-10-01,2015-10-01,1.0,,0.0
Obake14,1,0,1,,,2014-10-01,2014-10-01,1.0,,0.0
Okiefoto,1,0,1,,,2016-07-01,2016-07-01,1.0,,0.0
P7525GFjohnl,1,0,1,,,2019-12-01,2019-12-01,1.0,,0.0
PANCIC,1,0,1,,,2015-10-01,2015-10-01,1.0,,0.0
PASunshine47,1,0,1,,,2012-07-01,2012-07-01,1.0,,0.0
Pablin78,1,0,1,,,2013-09-01,2013-09-01,1.0,,0.0
PaleoGypsy,1,0,1,,,2018-12-01,2018-12-01,1.0,,0.0
PatN843,1,0,1,,,2011-09-01,2011-09-01,1.0,,0.0
Patti W,1,0,1,,,2014-06-01,2014-06-01,1.0,,0.0
Patty R,1,0,1,,,2016-07-01,2016-07-01,1.0,,0.0
Paul F,1,0,1,,,2018-12-01,2018-12-01,1.0,,0.0
Pete,1,0,1,,,2016-04-01,2016-04-01,1.0,,0.0
PhatPatW,1,0,1,,,2016-05-01,2016-05-01,1.0,,0.0
Philip S,1,0,1,,,2013-08-01,2013-08-01,1.0,,0.0
Phillies 1,1,0,1,,,2012-12-01,2012-12-01,1.0,,0.0
Pnemiller,1,0,1,,,2012-09-01,2012-09-01,1.0,,0.0
Pradeep T,1,0,1,,,2014-09-01,2014-09-01,1.0,,0.0
Pretty U,1,0,1,,,2012-05-01,2012-05-01,1.0,,0.0
Priscilla P,1,0,1,,,2012-07-01,2012-07-01,1.0,,0.0
ProfessorOT,1,0,1,,,2013-08-01,2013-08-01,1.0,,0.0
Psimms,1,0,1,,,2019-07-01,2019-07-01,1.0,,0.0
Pyramidion,1,0,1,,,2015-09-01,2015-09-01,1.0,,0.0
QuickWhitTravel,1,0,1,,,2015-06-01,2015-06-01,1.0,,0.0
RAJENDRA884 PRASAD,1,0,1,,,2016-07-01,2016-07-01,1.0,,0.0
RM215079,1,0,1,,,2015-09-01,2015-09-01,1.0,,0.0
RUNINOut,1,0,1,,,,,,,
RYYS,1,0,1,,,2015-11-01,2015-11-01,1.0,,0.0
Rach R,1,0,1,,,2015-01-01,2015-01-01,1.0,,0.0
Rajesh Parmar,1,0,1,,,2020-02-01,2020-02-01,1.0,,0.0
RajeshP,1,0,1,,,2015-06-01,2015-06-01,1.0,,0.0
Rakhee T,1,0,1,,,2015-09-01,2015-09-01,1.0,,0.0
Rana_ran22,2,0,1,,,2016-05-01,2018-11-01,914.0,,0.0
RangersFan1980,1,0,1,,,2014-03-01,2014-03-01,1.0,,0.0
Rapenda,1,0,1,,,2015-05-01,2015-05-01,1.0,,0.0
Ravindra V,1,0,1,,,2017-05-01,2017-05-01,1.0,,0.0
Rcdallmann,1,0,1,,,,,,,
RealDS,1,0,1,,,2018-11-01,2018-11-01,1.0,,0.0
Rebecca F,1,0,1,,,,,,,
Remona R,1,0,1,,,2016-04-01,2016-04-01,1.0,,0.0
Richard S,1,0,1,,,2015-07-01,2015-07-01,1.0,,0.0
Ritu,1,0,1,,,2016-04-01,2016-04-01,1.0,,0.0
RoadTakenEM,1,0,1,,,2013-05-01,2013-05-01,1.0,,0.0
Rob F,1,0,1,,,2015-12-01,2015-12-01,1.0,,0.0
Rob V,1,0,1,,,2015-11-01,2015-11-01,1.0,,0.0
Robert D,1,0,1,,,2016-08-01,2016-08-01,1.0,,0.0
Robert L,2,0,1,,,2016-06-01,2016-06-01,1.0,,0.0
Robert S,1,0,1,,,2019-08-01,2019-08-01,1.0,,0.0
Robin M,1,0,1,,,2014-10-01,2014-10-01,1.0,,0.0
Rogersjk,1,0,1,,,,,,,
Roly82,1,0,1,,,2019-07-01,2019-07-01,1.0,,0.0
Rose L,1,0,1,,,2013-09-01,2013-09-01,1.0,,0.0
Rumples,1,0,1,,,2015-05-01,2015-05-01,1.0,,0.0
Ryan Codine,1,0,1,,,2023-11-01,2023-11-01,1.0,,0.0
SIlentThunder1642,1,0,1,,,2015-03-01,2015-03-01,1.0,,0.0
STLDood,1,0,1,,,2017-07-01,2017-07-01,1.0,,0.0
Sandra W,1,0,1,,,2016-05-01,2016-05-01,1.0,,0.0
Santanasxy,1,0,1,,,2016-04-01,2016-04-01,1.0,,0.0
Sapphire5860,1,0,1,,,2015-11-01,2015-11-01,1.0,,0.0
Sara C,1,0,1,,,2014-05-01,2014-05-01,1.0,,0.0
Sara E,1,0,1,,,2016-07-01,2016-07-01,1.0,,0.0
Sara S,2,0,1,,,2011-12-01,2015-05-01,1247.0,,0.0
Sara T,1,0,1,,,2016-01-01,2016-01-01,1.0,,0.0
Sarah Mahler,1,0,1,,,2018-07-01,2018-07-01,1.0,,0.0
Sarah S,1,0,1,,,2017-05-01,2017-05-01,1.0,,0.0
Sarah T,1,0,1,,,2013-10-01,2013-10-01,1.0,,0.0
ScenicSights,1,0,1,,,2024-07-01,2024-07-01,1.0,,0.0
Scott_A_Drake,1,0,1,,,2015-12-01,2015-12-01,1.0,,0.0
SeattleD19,1,0,1,,,2013-06-01,2013-06-01,1.0,,0.0
Seb M,1,0,1,,,2018-06-01,2018-06-01,1.0,,0.0
ShanCoxTexas,1,0,1,,,2015-10-01,2015-10-01,1.0,,0.0
Shan_the_explorer,1,0,1,,,2017-12-01,2017-12-01,1.0,,0.0
Shannon K,2,0,1,,,2016-11-01,2016-11-01,1.0,,0.0
Shannon S,1,0,1,,,2015-12-01,2015-12-01,1.0,,0.0
SharStar12,1,0,1,,,2017-07-01,2017-07-01,1.0,,0.0
Sheetal S,1,0,1,,,2019-03-01,2019-03-01,1.0,,0.0
Sherry H,1,0,1,,,2014-10-01,2014-10-01,1.0,,0.0
Short_trip_adventures,1,0,1,,,2016-11-01,2016-11-01,1.0,,0.0
SilverFin88,1,0,1,,,2013-06-01,2013-06-01,1.0,,0.0
Silvita,1,0,1,,,2018-04-01,2018-04-01,1.0,,0.0
Slythe777,1,0,1,,,2020-02-01,2020-02-01,1.0,,0.0
SoaringEagle78634,1,0,1,,,,,,,
Solosky2013,1,0,1,,,2013-12-01,2013-12-01,1.0,,0.0
Some random guy,1,0,1,,,2018-04-01,2018-04-01,1.0,,0.0
Sophia C,1,0,1,,,2021-08-01,2021-08-01,1.0,,0.0
Sowmya_Halady,1,0,1,,,2015-01-01,2015-01-01,1.0,,0.0
SpchGrl,1,0,1,,,2015-06-01,2015-06-01,1.0,,0.0
Spencer P,1,0,1,,,2018-06-01,2018-06-01,1.0,,0.0
Spw91,1,0,1,,,2017-03-01,2017-03-01,1.0,,0.0
Stanimal14,1,0,1,,,2015-12-01,2015-12-01,1.0,,0.0
Starlime,1,0,1,,,2017-03-01,2017-03-01,1.0,,0.0
Stephanie D,1,0,1,,,2018-09-01,2018-09-01,1.0,,0.0
Stephen D,1,0,1,,,2015-10-01,2015-10-01,1.0,,0.0
Steve Lewis,1,0,1,,,2019-09-01,2019-09-01,1.0,,0.0
Steve T,1,0,1,,,2016-05-01,2016-05-01,1.0,,0.0
StevenLL,1,0,1,,,2014-12-01,2014-12-01,1.0,,0.0
Susan W,1,0,1,,,2015-09-01,2015-09-01,1.0,,0.0
T N,1,0,1,,,2016-07-01,2016-07-01,1.0,,0.0
TBS13I,1,0,1,,,2014-06-01,2014-06-01,1.0,,0.0
TXMARTINS,1,0,1,,,2014-10-01,2014-10-01,1.0,,0.0
Tamyra T,1,0,1,,,2012-11-01,2012-11-01,1.0,,0.0
Tanya T.,1,0,1,,,2020-11-01,2020-11-01,1.0,,0.0
Tastefullycoco - The Simple Treasures,1,0,1,,,2015-06-01,2015-06-01,1.0,,0.0
Teresa S,1,0,1,,,2018-03-01,2018-03-01,1.0,,0.0
TexansAlso,1,0,1,,,2013-05-01,2013-05-01,1.0,,0.0
TheSeaSoothesMySoul,1,0,1,,,2018-11-01,2018-11-01,1.0,,0.0
TheValleytoTheWorld,1,0,1,,,2014-09-01,2014-09-01,1.0,,0.0
The_Sal_Paradise,1,0,1,,,2014-09-01,2014-09-01,1.0,,0.0
Thedevelopingimage,1,0,1,,,2015-04-01,2015-04-01,1.0,,0.0
TinaHH123,1,0,1,,,2012-11-01,2012-11-01,1.0,,0.0
Tinkerbell1391,1,0,1,,,2021-04-01,2021-04-01,1.0,,0.0
TipperNC,1,0,1,,,2019-07-01,2019-07-01,1.0,,0.0
Tishia A,1,0,1,,,,,,,
Tloc1986,1,0,1,,,2016-03-01,2016-03-01,1.0,,0.0
Toby E,1,0,1,,,2018-08-01,2018-08-01,1.0,,0.0
Todd,1,0,1,,,2019-10-01,2019-10-01,1.0,,0.0
Tofurry,1,0,1,,,2019-09-01,2019-09-01,1.0,,0.0
Tom A,1,0,1,,,2014-02-01,2014-02-01,1.0,,0.0
Tom M,1,0,1,,,2013-04-01,2013-04-01,1.0,,0.0
TommyBoy94,1,0,1,,,2016-09-01,2016-09-01,1.0,,0.0
TouristTrap9597,1,0,1,,,,,,,
Tracey P,1,0,1,,,2014-07-01,2014-07-01,1.0,,0.0
Tracy M,2,0,1,,,2012-09-01,2019-08-01,2525.0,,0.0
Travel4Fun31,1,0,1,,,2021-03-01,2021-03-01,1.0,,0.0
TravelLover8098,1,0,1,,,2014-05-01,2014-05-01,1.0,,0.0
TravelShutterbug,1,0,1,,,2013-11-01,2013-11-01,1.0,,0.0
Travelina14,1,0,1,,,2017-11-01,2017-11-01,1.0,,0.0
TravelingBubba,1,0,1,,,2021-10-01,2021-10-01,1.0,,0.0
TravellinCritik,1,0,1,,,2015-06-01,2015-06-01,1.0,,0.0
TravellinGretz,1,0,1,,,2010-12-01,2010-12-01,1.0,,0.0
Travelling_Terp27,1,0,1,,,2015-06-01,2015-06-01,1.0,,0.0
Trf,1,0,1,,,2019-01-01,2019-01-01,1.0,,0.0
Trung N,1,0,1,,,,,,,
Tsion A,1,0,1,,,2016-06-01,2016-06-01,1.0,,0.0
Tysadventures,1,0,1,,,2024-08-01,2024-08-01,1.0,,0.0
UmTareq,1,0,1,,,2012-08-01,2012-08-01,1.0,,0.0
VJOH,1,0,1,,,2018-09-01,2018-09-01,1.0,,0.0
VacayTimeGirl,1,0,1,,,2015-01-01,2015-01-01,1.0,,0.0
Valerie B,1,0,1,,,2016-02-01,2016-02-01,1.0,,0.0
VanessaRoad,1,0,1,,,2016-09-01,2016-09-01,1.0,,0.0
Vicki A,1,0,1,,,2018-09-01,2018-09-01,1.0,,0.0
Vicky B,1,0,1,,,2014-08-01,2014-08-01,1.0,,0.0
VirginiaLove2Travel,1,0,1,,,2014-10-01,2014-10-01,1.0,,0.0
Vparry,1,0,1,,,2011-08-01,2011-08-01,1.0,,0.0
Walkinlove,1,0,1,,,2019-07-01,2019-07-01,1.0,,0.0
Waunderlust,1,0,1,,,2020-03-01,2020-03-01,1.0,,0.0
Wendy P,1,0,1,,,2018-07-01,2018-07-01,1.0,,0.0
WhereSheGos,1,0,1,,,2015-06-01,2015-06-01,1.0,,0.0
Whitehall123,1,0,1,,,2012-11-01,2012-11-01,1.0,,0.0
Wildmanjc,1,0,1,,,2014-12-01,2014-12-01,1.0,,0.0
Wilson A,1,0,1,,,,,,,
Woohoo451,1,0,1,,,2012-08-01,2012-08-01,1.0,,0.0
Yarril,1,0,1,,,2014-07-01,2014-07-01,1.0,,0.0
Yvette R,1,0,1,,,2019-09-01,2019-09-01,1.0,,0.0
Zia A,1,0,1,,,2017-10-01,2017-10-01,1.0,,0.0
abeeds,1,0,1,,,,,,,
adamsaintlouis,1,0,1,,,2011-09-01,2011-09-01,1.0,,0.0
aerainier,1,0,1,,,2013-10-01,2013-10-01,1.0,,0.0
akat411,1,0,1,,,2022-06-01,2022-06-01,1.0,,0.0
akmo,1,0,1,,,2016-06-01,2016-06-01,1.0,,0.0
ali_marie85,1,0,1,,,2019-07-01,2019-07-01,1.0,,0.0
alimited162,1,0,1,,,2018-12-01,2018-12-01,1.0,,0.0
amir_atp,1,0,1,,,2019-11-01,2019-11-01,1.0,,0.0
amyw2012,1,0,1,,,2015-06-01,2015-06-01,1.0,,0.0
angelinmpls,1,0,1,,,2016-02-01,2016-02-01,1.0,,0.0
aquestforbeer,1,0,1,,,2014-09-01,2014-09-01,1.0,,0.0
armandoyancyb,1,0,1,,,2022-01-01,2022-01-01,1.0,,0.0
armysgt1981,1,0,1,,,2014-09-01,2014-09-01,1.0,,0.0
ashep2,1,0,1,,,,,,,
augirl41184,1,0,1,,,,,,,
bainso,1,0,1,,,2013-05-01,2013-05-01,1.0,,0.0
benaisyk,1,0,1,,,2016-01-01,2016-01-01,1.0,,0.0
bethannez,1,0,1,,,2015-04-01,2015-04-01,1.0,,0.0
big_g047,1,0,1,,,2017-05-01,2017-05-01,1.0,,0.0
bizbaz99,1,0,1,,,2012-04-01,2012-04-01,1.0,,0.0
bjTravelAdvisor,1,0,1,,,2012-08-01,2012-08-01,1.0,,0.0
bosox_brit66,1,0,1,,,2019-12-01,2019-12-01,1.0,,0.0
boymomdfw,1,0,1,,,2023-06-01,2023-06-01,1.0,,0.0
bree416,1,0,1,,,2015-03-01,2015-03-01,1.0,,0.0
bruce p,1,0,1,,,2018-12-01,2018-12-01,1.0,,0.0
bsudipa,1,0,1,,,2015-04-01,2015-04-01,1.0,,0.0
callmemochelle,1,0,1,,,2016-02-01,2016-02-01,1.0,,0.0
carla g,1,0,1,,,2016-08-01,2016-08-01,1.0,,0.0
cazbatt,1,0,1,,,2016-08-01,2016-08-01,1.0,,0.0
cc_maam,1,0,1,,,2015-07-01,2015-07-01,1.0,,0.0
cheryden,1,0,1,,,2015-10-01,2015-10-01,1.0,,0.0
christopherbO9687MP,1,0,1,,,2025-03-01,2025-03-01,1.0,,0.0
cindycardona,1,0,1,,,2016-02-01,2016-02-01,1.0,,0.0
craigger20,1,0,1,,,2012-10-01,2012-10-01,1.0,,0.0
craigtaunya,1,0,1,,,2018-03-01,2018-03-01,1.0,,0.0
dMoniqueRenee,1,0,1,,,2011-09-01,2011-09-01,1.0,,0.0
dectwelth,1,0,1,,,2018-05-01,2018-05-01,1.0,,0.0
dolls111,1,0,1,,,2013-12-01,2013-12-01,1.0,,0.0
dolphinmama,1,0,1,,,2015-04-01,2015-04-01,1.0,,0.0
dorelia523,1,0,1,,,2019-08-01,2019-08-01,1.0,,0.0
eoghanMidUlster,1,0,1,,,2015-07-01,2015-07-01,1.0,,0.0
farrflan,1,0,1,,,2015-12-01,2015-12-01,1.0,,0.0
fiamma11,1,0,1,,,2022-09-01,2022-09-01,1.0,,0.0
foxy86_love,1,0,1,,,2015-08-01,2015-08-01,1.0,,0.0
funtimefamily12,1,0,1,,,2012-05-01,2012-05-01,1.0,,0.0
geisslerm,1,0,1,,,2012-12-01,2012-12-01,1.0,,0.0
gmorganHamburg,1,0,1,,,,,,,
gustavonj,1,0,1,,,,,,,
h44c,1,0,1,,,2018-11-01,2018-11-01,1.0,,0.0
heather p,1,0,1,,,2013-06-01,2013-06-01,1.0,,0.0
hertravel13,1,0,1,,,2018-08-01,2018-08-01,1.0,,0.0
hldlovesthesun,1,0,1,,,2014-05-01,2014-05-01,1.0,,0.0
holllywood38,1,0,1,,,2013-09-01,2013-09-01,1.0,,0.0
itstewart,1,0,1,,,2016-07-01,2016-07-01,1.0,,0.0
jadybugs,1,0,1,,,2018-10-01,2018-10-01,1.0,,0.0
jaimeanne,1,0,1,,,2012-08-01,2012-08-01,1.0,,0.0
jajabear,1,0,1,,,2012-04-01,2012-04-01,1.0,,0.0
jb08075n,1,0,1,,,2015-03-01,2015-03-01,1.0,,0.0
jediknight101,1,0,1,,,2016-11-01,2016-11-01,1.0,,0.0
jeffl499,1,0,1,,,2014-08-01,2014-08-01,1.0,,0.0
jellies245,1,0,1,,,2015-12-01,2015-12-01,1.0,,0.0
jesicams,1,0,1,,,2014-12-01,2014-12-01,1.0,,0.0
jmonson,1,0,1,,,2014-12-01,2014-12-01,1.0,,0.0
josephrdrexler,1,0,1,,,2019-12-01,2019-12-01,1.0,,0.0
jpsantana20,1,0,1,,,2019-01-01,2019-01-01,1.0,,0.0
karlconnolly,1,0,1,,,2015-07-01,2015-07-01,1.0,,0.0
kayakgirl75,1,0,1,,,2015-11-01,2015-11-01,1.0,,0.0
kihyland,1,0,1,,,2019-07-01,2019-07-01,1.0,,0.0
kittridge,1,0,1,,,2011-03-01,2011-03-01,1.0,,0.0
kjdc1980,1,0,1,,,2015-11-01,2015-11-01,1.0,,0.0
kpatters,1,0,1,,,2014-05-01,2014-05-01,1.0,,0.0
ladysinger719,1,0,1,,,2012-12-01,2012-12-01,1.0,,0.0
lanxtonwashington,1,0,1,,,2016-07-01,2016-07-01,1.0,,0.0
larryhack,1,0,1,,,,,,,
lethaiwepn1,1,0,1,,,2014-07-01,2014-07-01,1.0,,0.0
lhamilt77,1,0,1,,,,,,,
livelife h,1,0,1,,,2021-11-01,2021-11-01,1.0,,0.0
loribaby95,1,0,1,,,2018-07-01,2018-07-01,1.0,,0.0
lucycan,1,0,1,,,2015-06-01,2015-06-01,1.0,,0.0
mandy l,1,0,1,,,2014-05-01,2014-05-01,1.0,,0.0
mapasy,1,0,1,,,2013-04-01,2013-04-01,1.0,,0.0
maristredfox,1,0,1,,,2015-08-01,2015-08-01,1.0,,0.0
maritimeramman,1,0,1,,,2018-08-01,2018-08-01,1.0,,0.0
marshfish,1,0,1,,,2016-04-01,2016-04-01,1.0,,0.0
mc2wv0307,1,0,1,,,2011-10-01,2011-10-01,1.0,,0.0
mcgon4,1,0,1,,,,,,,
mcmsw12,1,0,1,,,2011-12-01,2011-12-01,1.0,,0.0
mdgipsy,1,0,1,,,2015-10-01,2015-10-01,1.0,,0.0
mikea168,1,0,1,,,2014-09-01,2014-09-01,1.0,,0.0
mikebickerson,1,0,1,,,2013-09-01,2013-09-01,1.0,,0.0
mikerpics,1,0,1,,,,,,,
molecular_4u,1,0,1,,,,,,,
momoftwofreehold,1,0,1,,,2019-06-01,2019-06-01,1.0,,0.0
monkeycowmeow,1,0,1,,,2019-08-01,2019-08-01,1.0,,0.0
morganlily,1,0,1,,,2014-08-01,2014-08-01,1.0,,0.0
mpia0215,1,0,1,,,2018-11-01,2018-11-01,1.0,,0.0
mram28,1,0,1,,,2012-05-01,2012-05-01,1.0,,0.0
msfatfingers,1,0,1,,,2014-05-01,2014-05-01,1.0,,0.0
muzakmom,1,0,1,,,2015-07-01,2015-07-01,1.0,,0.0
my8286432,1,0,1,,,2013-12-01,2013-12-01,1.0,,0.0
nilsthulin,1,0,1,,,,,,,
nls060819,1,0,1,,,2016-09-01,2016-09-01,1.0,,0.0
nontrendytraveler,1,0,1,,,2016-06-01,2016-06-01,1.0,,0.0
nowpacking,1,0,1,,,2025-07-01,2025-07-01,1.0,,0.0
nypdliz,1,0,1,,,2015-08-01,2015-08-01,1.0,,0.0
oceanguy2821,1,0,1,,,2016-01-01,2016-01-01,1.0,,0.0
pcmanblr,1,0,1,,,2014-07-01,2014-07-01,1.0,,0.0
pfefmeister,1,0,1,,,2019-08-01,2019-08-01,1.0,,0.0
pgalaska,1,0,1,,,2016-06-01,2016-06-01,1.0,,0.0
phillycww,1,0,1,,,2014-05-01,2014-05-01,1.0,,0.0
puretexan1984,1,0,1,,,2014-09-01,2014-09-01,1.0,,0.0
pwm1031,1,0,1,,,2018-10-01,2018-10-01,1.0,,0.0
r0bin417,1,0,1,,,2015-06-01,2015-06-01,1.0,,0.0
rahuldh79,1,0,1,,,2015-05-01,2015-05-01,1.0,,0.0
raw729,1,0,1,,,2011-12-01,2011-12-01,1.0,,0.0
rch802015,1,0,1,,,2015-09-01,2015-09-01,1.0,,0.0
rcp27,1,0,1,,,2013-12-01,2013-12-01,1.0,,0.0
rct2trip,1,0,1,,,2012-04-01,2012-04-01,1.0,,0.0
ria1741,1,0,1,,,2018-02-01,2018-02-01,1.0,,0.0
ricky2246,1,0,1,,,2014-12-01,2014-12-01,1.0,,0.0
roamas,1,0,1,,,2016-04-01,2016-04-01,1.0,,0.0
rockee721,1,0,1,,,2011-12-01,2011-12-01,1.0,,0.0
rocknryry,1,0,1,,,2016-03-01,2016-03-01,1.0,,0.0
rocyomama,1,0,1,,,2013-10-01,2013-10-01,1.0,,0.0
rollmanc2019,2,0,1,,,2016-05-01,2018-11-01,914.0,,0.0
rothgargeert,1,0,1,,,2014-11-01,2014-11-01,1.0,,0.0
sacredphi,1,0,1,,,2014-09-01,2014-09-01,1.0,,0.0
sararefaeli,1,0,1,,,2016-05-01,2016-05-01,1.0,,0.0
savvysiren,1,0,1,,,2014-06-01,2014-06-01,1.0,,0.0
sb1962,1,0,1,,,2013-09-01,2013-09-01,1.0,,0.0
scap3goat,1,0,1,,,2014-12-01,2014-12-01,1.0,,0.0
shaviya76,1,0,1,,,2016-12-01,2016-12-01,1.0,,0.0
sherry30286,1,0,1,,,2017-08-01,2017-08-01,1.0,,0.0
smack25,1,0,1,,,,,,,
smilingtrips,1,0,1,,,2013-02-01,2013-02-01,1.0,,0.0
snaggedy,1,0,1,,,2013-12-01,2013-12-01,1.0,,0.0
snorkler09,1,0,1,,,2016-12-01,2016-12-01,1.0,,0.0
ssummers24,1,0,1,,,2016-07-01,2016-07-01,1.0,,0.0
stellina1936,1,0,1,,,2015-08-01,2015-08-01,1.0,,0.0
stonecold,1,0,1,,,2014-11-01,2014-11-01,1.0,,0.0
surfinginflorida,1,0,1,,,2019-03-01,2019-03-01,1.0,,0.0
takeitallin14,1,0,1,,,2014-05-01,2014-05-01,1.0,,0.0
tallgaloot,1,0,1,,,2014-12-01,2014-12-01,1.0,,0.0
teabee34,1,0,1,,,2019-01-01,2019-01-01,1.0,,0.0
tehunej,1,0,1,,,2011-10-01,2011-10-01,1.0,,0.0
teleiap,1,0,1,,,2018-08-01,2018-08-01,1.0,,0.0
theexpert,1,0,1,,,2016-07-01,2016-07-01,1.0,,0.0
thesteevesgroup,1,0,1,,,2015-06-01,2015-06-01,1.0,,0.0
thomas p,1,0,1,,,2016-05-01,2016-05-01,1.0,,0.0
tinylass,1,0,1,,,2024-01-01,2024-01-01,1.0,,0.0
tommypee1,1,0,1,,,2012-07-01,2012-07-01,1.0,,0.0
travelbug,1,0,1,,,2019-07-01,2019-07-01,1.0,,0.0
travelbug7,1,0,1,,,2016-05-01,2016-05-01,1.0,,0.0
traveler856,1,0,1,,,2011-07-01,2011-07-01,1.0,,0.0
travelingmomof3qts,1,0,1,,,2015-11-01,2015-11-01,1.0,,0.0
travelmom71717,1,0,1,,,2014-06-01,2014-06-01,1.0,,0.0
treeface,1,0,1,,,2013-10-01,2013-10-01,1.0,,0.0
tshep42,1,0,1,,,2015-08-01,2015-08-01,1.0,,0.0
twofar2,1,0,1,,,2015-12-01,2015-12-01,1.0,,0.0
vfalstad,1,0,1,,,2014-02-01,2014-02-01,1.0,,0.0
wakisobol,1,0,1,,,2016-05-01,2016-05-01,1.0,,0.0
wvillamil,1,0,1,,,2015-07-01,2015-07-01,1.0,,0.0
za_rubezhom,1,0,1,,,2011-10-01,2011-10-01,1.0,,0.0
zestrax,1,0,1,,,2015-10-01,2015-10-01,1.0,,0.0
